--
-- PostgreSQL database dump
--

-- Dumped from database version 12.2 (Debian 12.2-2.pgdg100+1)
-- Dumped by pg_dump version 12.2 (Debian 12.2-2.pgdg100+1)

SET statement_timeout = 0;
SET lock_timeout = 0;
SET idle_in_transaction_session_timeout = 0;
SET client_encoding = 'UTF8';
SET standard_conforming_strings = on;
SELECT pg_catalog.set_config('search_path', '', false);
SET check_function_bodies = false;
SET xmloption = content;
SET client_min_messages = warning;
SET row_security = off;

SET default_tablespace = '';

SET default_table_access_method = heap;

--
-- Name: app_bus_options; Type: TABLE; Schema: public; Owner: exampleDBUserName
--

CREATE TABLE public.app_bus_options (
    id integer NOT NULL,
    name character varying(255) NOT NULL
);


ALTER TABLE public.app_bus_options OWNER TO "exampleDBUserName";

--
-- Name: app_bus_options_id_seq; Type: SEQUENCE; Schema: public; Owner: exampleDBUserName
--

ALTER TABLE public.app_bus_options ALTER COLUMN id ADD GENERATED BY DEFAULT AS IDENTITY (
    SEQUENCE NAME public.app_bus_options_id_seq
    START WITH 1
    INCREMENT BY 1
    NO MINVALUE
    NO MAXVALUE
    CACHE 1
);


--
-- Name: auth_group; Type: TABLE; Schema: public; Owner: exampleDBUserName
--

CREATE TABLE public.auth_group (
    id integer NOT NULL,
    name character varying(150) NOT NULL
);


ALTER TABLE public.auth_group OWNER TO "exampleDBUserName";

--
-- Name: auth_group_id_seq; Type: SEQUENCE; Schema: public; Owner: exampleDBUserName
--

ALTER TABLE public.auth_group ALTER COLUMN id ADD GENERATED BY DEFAULT AS IDENTITY (
    SEQUENCE NAME public.auth_group_id_seq
    START WITH 1
    INCREMENT BY 1
    NO MINVALUE
    NO MAXVALUE
    CACHE 1
);


--
-- Name: auth_group_permissions; Type: TABLE; Schema: public; Owner: exampleDBUserName
--

CREATE TABLE public.auth_group_permissions (
    id bigint NOT NULL,
    group_id integer NOT NULL,
    permission_id integer NOT NULL
);


ALTER TABLE public.auth_group_permissions OWNER TO "exampleDBUserName";

--
-- Name: auth_group_permissions_id_seq; Type: SEQUENCE; Schema: public; Owner: exampleDBUserName
--

ALTER TABLE public.auth_group_permissions ALTER COLUMN id ADD GENERATED BY DEFAULT AS IDENTITY (
    SEQUENCE NAME public.auth_group_permissions_id_seq
    START WITH 1
    INCREMENT BY 1
    NO MINVALUE
    NO MAXVALUE
    CACHE 1
);


--
-- Name: auth_permission; Type: TABLE; Schema: public; Owner: exampleDBUserName
--

CREATE TABLE public.auth_permission (
    id integer NOT NULL,
    name character varying(255) NOT NULL,
    content_type_id integer NOT NULL,
    codename character varying(100) NOT NULL
);


ALTER TABLE public.auth_permission OWNER TO "exampleDBUserName";

--
-- Name: auth_permission_id_seq; Type: SEQUENCE; Schema: public; Owner: exampleDBUserName
--

ALTER TABLE public.auth_permission ALTER COLUMN id ADD GENERATED BY DEFAULT AS IDENTITY (
    SEQUENCE NAME public.auth_permission_id_seq
    START WITH 1
    INCREMENT BY 1
    NO MINVALUE
    NO MAXVALUE
    CACHE 1
);


--
-- Name: auth_user; Type: TABLE; Schema: public; Owner: exampleDBUserName
--

CREATE TABLE public.auth_user (
    id integer NOT NULL,
    password character varying(128) NOT NULL,
    last_login timestamp with time zone,
    is_superuser boolean NOT NULL,
    username character varying(150) NOT NULL,
    first_name character varying(150) NOT NULL,
    last_name character varying(150) NOT NULL,
    email character varying(254) NOT NULL,
    is_staff boolean NOT NULL,
    is_active boolean NOT NULL,
    date_joined timestamp with time zone NOT NULL
);


ALTER TABLE public.auth_user OWNER TO "exampleDBUserName";

--
-- Name: auth_user_groups; Type: TABLE; Schema: public; Owner: exampleDBUserName
--

CREATE TABLE public.auth_user_groups (
    id bigint NOT NULL,
    user_id integer NOT NULL,
    group_id integer NOT NULL
);


ALTER TABLE public.auth_user_groups OWNER TO "exampleDBUserName";

--
-- Name: auth_user_groups_id_seq; Type: SEQUENCE; Schema: public; Owner: exampleDBUserName
--

ALTER TABLE public.auth_user_groups ALTER COLUMN id ADD GENERATED BY DEFAULT AS IDENTITY (
    SEQUENCE NAME public.auth_user_groups_id_seq
    START WITH 1
    INCREMENT BY 1
    NO MINVALUE
    NO MAXVALUE
    CACHE 1
);


--
-- Name: auth_user_id_seq; Type: SEQUENCE; Schema: public; Owner: exampleDBUserName
--

ALTER TABLE public.auth_user ALTER COLUMN id ADD GENERATED BY DEFAULT AS IDENTITY (
    SEQUENCE NAME public.auth_user_id_seq
    START WITH 1
    INCREMENT BY 1
    NO MINVALUE
    NO MAXVALUE
    CACHE 1
);


--
-- Name: auth_user_user_permissions; Type: TABLE; Schema: public; Owner: exampleDBUserName
--

CREATE TABLE public.auth_user_user_permissions (
    id bigint NOT NULL,
    user_id integer NOT NULL,
    permission_id integer NOT NULL
);


ALTER TABLE public.auth_user_user_permissions OWNER TO "exampleDBUserName";

--
-- Name: auth_user_user_permissions_id_seq; Type: SEQUENCE; Schema: public; Owner: exampleDBUserName
--

ALTER TABLE public.auth_user_user_permissions ALTER COLUMN id ADD GENERATED BY DEFAULT AS IDENTITY (
    SEQUENCE NAME public.auth_user_user_permissions_id_seq
    START WITH 1
    INCREMENT BY 1
    NO MINVALUE
    NO MAXVALUE
    CACHE 1
);


--
-- Name: bus; Type: TABLE; Schema: public; Owner: exampleDBUserName
--

CREATE TABLE public.bus (
    id integer NOT NULL,
    seats integer NOT NULL,
    name character varying(255) NOT NULL,
    numbers character varying(8) NOT NULL,
    description text NOT NULL,
    code character varying(16) NOT NULL,
    photo character varying(100) NOT NULL
);


ALTER TABLE public.bus OWNER TO "exampleDBUserName";

--
-- Name: bus_id_seq; Type: SEQUENCE; Schema: public; Owner: exampleDBUserName
--

ALTER TABLE public.bus ALTER COLUMN id ADD GENERATED BY DEFAULT AS IDENTITY (
    SEQUENCE NAME public.bus_id_seq
    START WITH 1
    INCREMENT BY 1
    NO MINVALUE
    NO MAXVALUE
    CACHE 1
);


--
-- Name: bus_option_translations; Type: TABLE; Schema: public; Owner: exampleDBUserName
--

CREATE TABLE public.bus_option_translations (
    id integer NOT NULL,
    translation character varying(255) NOT NULL,
    bus_option_id integer NOT NULL,
    language_id bigint NOT NULL
);


ALTER TABLE public.bus_option_translations OWNER TO "exampleDBUserName";

--
-- Name: bus_option_translations_id_seq; Type: SEQUENCE; Schema: public; Owner: exampleDBUserName
--

ALTER TABLE public.bus_option_translations ALTER COLUMN id ADD GENERATED BY DEFAULT AS IDENTITY (
    SEQUENCE NAME public.bus_option_translations_id_seq
    START WITH 1
    INCREMENT BY 1
    NO MINVALUE
    NO MAXVALUE
    CACHE 1
);


--
-- Name: bus_options; Type: TABLE; Schema: public; Owner: exampleDBUserName
--

CREATE TABLE public.bus_options (
    id bigint NOT NULL,
    bus_id integer NOT NULL,
    busoption_id integer NOT NULL
);


ALTER TABLE public.bus_options OWNER TO "exampleDBUserName";

--
-- Name: bus_options_id_seq; Type: SEQUENCE; Schema: public; Owner: exampleDBUserName
--

ALTER TABLE public.bus_options ALTER COLUMN id ADD GENERATED BY DEFAULT AS IDENTITY (
    SEQUENCE NAME public.bus_options_id_seq
    START WITH 1
    INCREMENT BY 1
    NO MINVALUE
    NO MAXVALUE
    CACHE 1
);


--
-- Name: bus_translations; Type: TABLE; Schema: public; Owner: exampleDBUserName
--

CREATE TABLE public.bus_translations (
    id integer NOT NULL,
    name_translation character varying(255) NOT NULL,
    bus_id integer NOT NULL,
    language_id bigint NOT NULL,
    description_translation text NOT NULL
);


ALTER TABLE public.bus_translations OWNER TO "exampleDBUserName";

--
-- Name: bus_translations_id_seq; Type: SEQUENCE; Schema: public; Owner: exampleDBUserName
--

ALTER TABLE public.bus_translations ALTER COLUMN id ADD GENERATED BY DEFAULT AS IDENTITY (
    SEQUENCE NAME public.bus_translations_id_seq
    START WITH 1
    INCREMENT BY 1
    NO MINVALUE
    NO MAXVALUE
    CACHE 1
);


--
-- Name: disallowed_way; Type: TABLE; Schema: public; Owner: exampleDBUserName
--

CREATE TABLE public.disallowed_way (
    id integer NOT NULL,
    from_station_id integer NOT NULL,
    route_id integer NOT NULL,
    to_station_id integer NOT NULL
);


ALTER TABLE public.disallowed_way OWNER TO "exampleDBUserName";

--
-- Name: disallowed_way_id_seq; Type: SEQUENCE; Schema: public; Owner: exampleDBUserName
--

ALTER TABLE public.disallowed_way ALTER COLUMN id ADD GENERATED BY DEFAULT AS IDENTITY (
    SEQUENCE NAME public.disallowed_way_id_seq
    START WITH 1
    INCREMENT BY 1
    NO MINVALUE
    NO MAXVALUE
    CACHE 1
);


--
-- Name: django_admin_log; Type: TABLE; Schema: public; Owner: exampleDBUserName
--

CREATE TABLE public.django_admin_log (
    id integer NOT NULL,
    action_time timestamp with time zone NOT NULL,
    object_id text,
    object_repr character varying(200) NOT NULL,
    action_flag smallint NOT NULL,
    change_message text NOT NULL,
    content_type_id integer,
    user_id integer NOT NULL,
    CONSTRAINT django_admin_log_action_flag_check CHECK ((action_flag >= 0))
);


ALTER TABLE public.django_admin_log OWNER TO "exampleDBUserName";

--
-- Name: django_admin_log_id_seq; Type: SEQUENCE; Schema: public; Owner: exampleDBUserName
--

ALTER TABLE public.django_admin_log ALTER COLUMN id ADD GENERATED BY DEFAULT AS IDENTITY (
    SEQUENCE NAME public.django_admin_log_id_seq
    START WITH 1
    INCREMENT BY 1
    NO MINVALUE
    NO MAXVALUE
    CACHE 1
);


--
-- Name: django_content_type; Type: TABLE; Schema: public; Owner: exampleDBUserName
--

CREATE TABLE public.django_content_type (
    id integer NOT NULL,
    app_label character varying(100) NOT NULL,
    model character varying(100) NOT NULL
);


ALTER TABLE public.django_content_type OWNER TO "exampleDBUserName";

--
-- Name: django_content_type_id_seq; Type: SEQUENCE; Schema: public; Owner: exampleDBUserName
--

ALTER TABLE public.django_content_type ALTER COLUMN id ADD GENERATED BY DEFAULT AS IDENTITY (
    SEQUENCE NAME public.django_content_type_id_seq
    START WITH 1
    INCREMENT BY 1
    NO MINVALUE
    NO MAXVALUE
    CACHE 1
);


--
-- Name: django_migrations; Type: TABLE; Schema: public; Owner: exampleDBUserName
--

CREATE TABLE public.django_migrations (
    id bigint NOT NULL,
    app character varying(255) NOT NULL,
    name character varying(255) NOT NULL,
    applied timestamp with time zone NOT NULL
);


ALTER TABLE public.django_migrations OWNER TO "exampleDBUserName";

--
-- Name: django_migrations_id_seq; Type: SEQUENCE; Schema: public; Owner: exampleDBUserName
--

ALTER TABLE public.django_migrations ALTER COLUMN id ADD GENERATED BY DEFAULT AS IDENTITY (
    SEQUENCE NAME public.django_migrations_id_seq
    START WITH 1
    INCREMENT BY 1
    NO MINVALUE
    NO MAXVALUE
    CACHE 1
);


--
-- Name: django_session; Type: TABLE; Schema: public; Owner: exampleDBUserName
--

CREATE TABLE public.django_session (
    session_key character varying(40) NOT NULL,
    session_data text NOT NULL,
    expire_date timestamp with time zone NOT NULL
);


ALTER TABLE public.django_session OWNER TO "exampleDBUserName";

--
-- Name: driver; Type: TABLE; Schema: public; Owner: exampleDBUserName
--

CREATE TABLE public.driver (
    telegram_id bigint NOT NULL,
    full_name character varying(255) NOT NULL,
    phone character varying(15) NOT NULL
);


ALTER TABLE public.driver OWNER TO "exampleDBUserName";

--
-- Name: language; Type: TABLE; Schema: public; Owner: exampleDBUserName
--

CREATE TABLE public.language (
    id bigint NOT NULL,
    name character varying(20) NOT NULL,
    code character varying(2) NOT NULL
);


ALTER TABLE public.language OWNER TO "exampleDBUserName";

--
-- Name: language_id_seq; Type: SEQUENCE; Schema: public; Owner: exampleDBUserName
--

ALTER TABLE public.language ALTER COLUMN id ADD GENERATED BY DEFAULT AS IDENTITY (
    SEQUENCE NAME public.language_id_seq
    START WITH 1
    INCREMENT BY 1
    NO MINVALUE
    NO MAXVALUE
    CACHE 1
);


--
-- Name: operator; Type: TABLE; Schema: public; Owner: exampleDBUserName
--

CREATE TABLE public.operator (
    telegram_id bigint NOT NULL,
    full_name character varying(255) NOT NULL
);


ALTER TABLE public.operator OWNER TO "exampleDBUserName";

--
-- Name: operator_confirm_code; Type: TABLE; Schema: public; Owner: exampleDBUserName
--

CREATE TABLE public.operator_confirm_code (
    uuid uuid NOT NULL
);


ALTER TABLE public.operator_confirm_code OWNER TO "exampleDBUserName";

--
-- Name: package; Type: TABLE; Schema: public; Owner: exampleDBUserName
--

CREATE TABLE public.package (
    id integer NOT NULL,
    is_paid boolean NOT NULL,
    package_code character varying(12) NOT NULL,
    payment_id character varying(255),
    paid_time timestamp with time zone NOT NULL,
    end_station_id integer NOT NULL,
    owner_id bigint NOT NULL,
    receiver_id integer NOT NULL,
    route_id integer NOT NULL,
    sender_id integer NOT NULL,
    start_station_id integer NOT NULL
);


ALTER TABLE public.package OWNER TO "exampleDBUserName";

--
-- Name: package_id_seq; Type: SEQUENCE; Schema: public; Owner: exampleDBUserName
--

ALTER TABLE public.package ALTER COLUMN id ADD GENERATED BY DEFAULT AS IDENTITY (
    SEQUENCE NAME public.package_id_seq
    START WITH 1
    INCREMENT BY 1
    NO MINVALUE
    NO MAXVALUE
    CACHE 1
);


--
-- Name: persons; Type: TABLE; Schema: public; Owner: exampleDBUserName
--

CREATE TABLE public.persons (
    id integer NOT NULL,
    name character varying(255) NOT NULL,
    surname character varying(255) NOT NULL,
    phone character varying(255),
    telegram_user_id bigint NOT NULL
);


ALTER TABLE public.persons OWNER TO "exampleDBUserName";

--
-- Name: persons_id_seq; Type: SEQUENCE; Schema: public; Owner: exampleDBUserName
--

ALTER TABLE public.persons ALTER COLUMN id ADD GENERATED BY DEFAULT AS IDENTITY (
    SEQUENCE NAME public.persons_id_seq
    START WITH 1
    INCREMENT BY 1
    NO MINVALUE
    NO MAXVALUE
    CACHE 1
);


--
-- Name: route; Type: TABLE; Schema: public; Owner: exampleDBUserName
--

CREATE TABLE public.route (
    id integer NOT NULL,
    code character varying(6) NOT NULL,
    active boolean NOT NULL,
    beneficiary_limit integer NOT NULL,
    is_regular boolean NOT NULL,
    bus_id integer NOT NULL,
    driver_id bigint NOT NULL,
    end_station_id integer NOT NULL,
    start_station_id integer NOT NULL
);


ALTER TABLE public.route OWNER TO "exampleDBUserName";

--
-- Name: route_id_seq; Type: SEQUENCE; Schema: public; Owner: exampleDBUserName
--

ALTER TABLE public.route ALTER COLUMN id ADD GENERATED BY DEFAULT AS IDENTITY (
    SEQUENCE NAME public.route_id_seq
    START WITH 1
    INCREMENT BY 1
    NO MINVALUE
    NO MAXVALUE
    CACHE 1
);


--
-- Name: routes_stations; Type: TABLE; Schema: public; Owner: exampleDBUserName
--

CREATE TABLE public.routes_stations (
    id integer NOT NULL,
    station_index integer NOT NULL,
    departure_time timestamp with time zone NOT NULL,
    route_id integer NOT NULL,
    station_id integer NOT NULL
);


ALTER TABLE public.routes_stations OWNER TO "exampleDBUserName";

--
-- Name: routes_stations_id_seq; Type: SEQUENCE; Schema: public; Owner: exampleDBUserName
--

ALTER TABLE public.routes_stations ALTER COLUMN id ADD GENERATED BY DEFAULT AS IDENTITY (
    SEQUENCE NAME public.routes_stations_id_seq
    START WITH 1
    INCREMENT BY 1
    NO MINVALUE
    NO MAXVALUE
    CACHE 1
);


--
-- Name: sending_message; Type: TABLE; Schema: public; Owner: exampleDBUserName
--

CREATE TABLE public.sending_message (
    id integer NOT NULL,
    text text NOT NULL
);


ALTER TABLE public.sending_message OWNER TO "exampleDBUserName";

--
-- Name: sending_message_id_seq; Type: SEQUENCE; Schema: public; Owner: exampleDBUserName
--

ALTER TABLE public.sending_message ALTER COLUMN id ADD GENERATED BY DEFAULT AS IDENTITY (
    SEQUENCE NAME public.sending_message_id_seq
    START WITH 1
    INCREMENT BY 1
    NO MINVALUE
    NO MAXVALUE
    CACHE 1
);


--
-- Name: station; Type: TABLE; Schema: public; Owner: exampleDBUserName
--

CREATE TABLE public.station (
    id integer NOT NULL,
    code character varying(4) NOT NULL,
    name character varying(255) NOT NULL,
    laititude double precision NOT NULL,
    longitude double precision NOT NULL,
    town_id integer NOT NULL
);


ALTER TABLE public.station OWNER TO "exampleDBUserName";

--
-- Name: station_id_seq; Type: SEQUENCE; Schema: public; Owner: exampleDBUserName
--

ALTER TABLE public.station ALTER COLUMN id ADD GENERATED BY DEFAULT AS IDENTITY (
    SEQUENCE NAME public.station_id_seq
    START WITH 1
    INCREMENT BY 1
    NO MINVALUE
    NO MAXVALUE
    CACHE 1
);


--
-- Name: stations_translations; Type: TABLE; Schema: public; Owner: exampleDBUserName
--

CREATE TABLE public.stations_translations (
    id integer NOT NULL,
    translation character varying(255) NOT NULL,
    language_id bigint NOT NULL,
    station_id integer NOT NULL
);


ALTER TABLE public.stations_translations OWNER TO "exampleDBUserName";

--
-- Name: stations_translations_id_seq; Type: SEQUENCE; Schema: public; Owner: exampleDBUserName
--

ALTER TABLE public.stations_translations ALTER COLUMN id ADD GENERATED BY DEFAULT AS IDENTITY (
    SEQUENCE NAME public.stations_translations_id_seq
    START WITH 1
    INCREMENT BY 1
    NO MINVALUE
    NO MAXVALUE
    CACHE 1
);


--
-- Name: support_request; Type: TABLE; Schema: public; Owner: exampleDBUserName
--

CREATE TABLE public.support_request (
    id integer NOT NULL,
    created_time timestamp with time zone NOT NULL,
    message_id_to_edit integer NOT NULL,
    user_id bigint NOT NULL
);


ALTER TABLE public.support_request OWNER TO "exampleDBUserName";

--
-- Name: support_request_id_seq; Type: SEQUENCE; Schema: public; Owner: exampleDBUserName
--

ALTER TABLE public.support_request ALTER COLUMN id ADD GENERATED BY DEFAULT AS IDENTITY (
    SEQUENCE NAME public.support_request_id_seq
    START WITH 1
    INCREMENT BY 1
    NO MINVALUE
    NO MAXVALUE
    CACHE 1
);


--
-- Name: telegram_user; Type: TABLE; Schema: public; Owner: exampleDBUserName
--

CREATE TABLE public.telegram_user (
    id interger NOT NULL
    telegram_id bigint NOT NULL,
    full_name character varying(255) NOT NULL,
    join_time timestamp with time zone NOT NULL,
    phone character varying(13) NOT NULL,
    is_notifications_enabled boolean NOT NULL,
    language_id bigint NOT NULL
);


ALTER TABLE public.telegram_user OWNER TO "exampleDBUserName";

--
-- Name: ticket; Type: TABLE; Schema: public; Owner: exampleDBUserName
--

CREATE TABLE public.ticket (
    id integer NOT NULL,
    ticket_code uuid NOT NULL,
    is_paid boolean NOT NULL,
    is_booked boolean NOT NULL,
    payment_id integer,
    paid_time timestamp with time zone,
    end_station_id integer NOT NULL,
    owner_id bigint NOT NULL,
    passenger_id integer NOT NULL,
    route_id integer NOT NULL,
    start_station_id integer NOT NULL,
    type_id integer NOT NULL,
    created_time timestamp with time zone NOT NULL
);


ALTER TABLE public.ticket OWNER TO "exampleDBUserName";

--
-- Name: ticket_id_seq; Type: SEQUENCE; Schema: public; Owner: exampleDBUserName
--

ALTER TABLE public.ticket ALTER COLUMN id ADD GENERATED BY DEFAULT AS IDENTITY (
    SEQUENCE NAME public.ticket_id_seq
    START WITH 1
    INCREMENT BY 1
    NO MINVALUE
    NO MAXVALUE
    CACHE 1
);


--
-- Name: ticket_price; Type: TABLE; Schema: public; Owner: exampleDBUserName
--

CREATE TABLE public.ticket_price (
    id integer NOT NULL,
    ticket_price numeric(6,2) NOT NULL,
    package_price numeric(6,2) NOT NULL,
    from_station_id integer NOT NULL,
    route_id integer NOT NULL,
    to_station_id integer NOT NULL
);


ALTER TABLE public.ticket_price OWNER TO "exampleDBUserName";

--
-- Name: ticket_price_id_seq; Type: SEQUENCE; Schema: public; Owner: exampleDBUserName
--

ALTER TABLE public.ticket_price ALTER COLUMN id ADD GENERATED BY DEFAULT AS IDENTITY (
    SEQUENCE NAME public.ticket_price_id_seq
    START WITH 1
    INCREMENT BY 1
    NO MINVALUE
    NO MAXVALUE
    CACHE 1
);


--
-- Name: ticket_type; Type: TABLE; Schema: public; Owner: exampleDBUserName
--

CREATE TABLE public.ticket_type (
    id integer NOT NULL,
    name character varying(255) NOT NULL,
    discount integer NOT NULL
);


ALTER TABLE public.ticket_type OWNER TO "exampleDBUserName";

--
-- Name: ticket_type_id_seq; Type: SEQUENCE; Schema: public; Owner: exampleDBUserName
--

ALTER TABLE public.ticket_type ALTER COLUMN id ADD GENERATED BY DEFAULT AS IDENTITY (
    SEQUENCE NAME public.ticket_type_id_seq
    START WITH 1
    INCREMENT BY 1
    NO MINVALUE
    NO MAXVALUE
    CACHE 1
);


--
-- Name: ticket_type_translations; Type: TABLE; Schema: public; Owner: exampleDBUserName
--

CREATE TABLE public.ticket_type_translations (
    id integer NOT NULL,
    translation character varying(255) NOT NULL,
    language_id bigint NOT NULL,
    ticket_type_id integer NOT NULL
);


ALTER TABLE public.ticket_type_translations OWNER TO "exampleDBUserName";

--
-- Name: ticket_type_translations_id_seq; Type: SEQUENCE; Schema: public; Owner: exampleDBUserName
--

ALTER TABLE public.ticket_type_translations ALTER COLUMN id ADD GENERATED BY DEFAULT AS IDENTITY (
    SEQUENCE NAME public.ticket_type_translations_id_seq
    START WITH 1
    INCREMENT BY 1
    NO MINVALUE
    NO MAXVALUE
    CACHE 1
);


--
-- Name: town; Type: TABLE; Schema: public; Owner: exampleDBUserName
--

CREATE TABLE public.town (
    id integer NOT NULL,
    name character varying(255) NOT NULL
);


ALTER TABLE public.town OWNER TO "exampleDBUserName";

--
-- Name: town_id_seq; Type: SEQUENCE; Schema: public; Owner: exampleDBUserName
--

ALTER TABLE public.town ALTER COLUMN id ADD GENERATED BY DEFAULT AS IDENTITY (
    SEQUENCE NAME public.town_id_seq
    START WITH 1
    INCREMENT BY 1
    NO MINVALUE
    NO MAXVALUE
    CACHE 1
);


--
-- Name: towns_translations; Type: TABLE; Schema: public; Owner: exampleDBUserName
--

CREATE TABLE public.towns_translations (
    id integer NOT NULL,
    translation character varying(255) NOT NULL,
    language_id bigint NOT NULL,
    town_id integer NOT NULL
);


ALTER TABLE public.towns_translations OWNER TO "exampleDBUserName";

--
-- Name: towns_translations_id_seq; Type: SEQUENCE; Schema: public; Owner: exampleDBUserName
--

ALTER TABLE public.towns_translations ALTER COLUMN id ADD GENERATED BY DEFAULT AS IDENTITY (
    SEQUENCE NAME public.towns_translations_id_seq
    START WITH 1
    INCREMENT BY 1
    NO MINVALUE
    NO MAXVALUE
    CACHE 1
);


--
-- Name: user_end_station_history; Type: TABLE; Schema: public; Owner: exampleDBUserName
--

CREATE TABLE public.user_end_station_history (
    id integer NOT NULL,
    station_id integer NOT NULL,
    user_id bigint NOT NULL
);


ALTER TABLE public.user_end_station_history OWNER TO "exampleDBUserName";

--
-- Name: user_end_station_history_id_seq; Type: SEQUENCE; Schema: public; Owner: exampleDBUserName
--

ALTER TABLE public.user_end_station_history ALTER COLUMN id ADD GENERATED BY DEFAULT AS IDENTITY (
    SEQUENCE NAME public.user_end_station_history_id_seq
    START WITH 1
    INCREMENT BY 1
    NO MINVALUE
    NO MAXVALUE
    CACHE 1
);


--
-- Name: user_start_station_history; Type: TABLE; Schema: public; Owner: exampleDBUserName
--

CREATE TABLE public.user_start_station_history (
    id integer NOT NULL,
    station_id integer NOT NULL,
    user_id bigint NOT NULL
);


ALTER TABLE public.user_start_station_history OWNER TO "exampleDBUserName";

--
-- Name: user_start_station_history_id_seq; Type: SEQUENCE; Schema: public; Owner: exampleDBUserName
--

ALTER TABLE public.user_start_station_history ALTER COLUMN id ADD GENERATED BY DEFAULT AS IDENTITY (
    SEQUENCE NAME public.user_start_station_history_id_seq
    START WITH 1
    INCREMENT BY 1
    NO MINVALUE
    NO MAXVALUE
    CACHE 1
);


--
-- Data for Name: app_bus_options; Type: TABLE DATA; Schema: public; Owner: exampleDBUserName
--

COPY public.app_bus_options (id, name) FROM stdin;
\.


--
-- Data for Name: auth_group; Type: TABLE DATA; Schema: public; Owner: exampleDBUserName
--

COPY public.auth_group (id, name) FROM stdin;
\.


--
-- Data for Name: auth_group_permissions; Type: TABLE DATA; Schema: public; Owner: exampleDBUserName
--

COPY public.auth_group_permissions (id, group_id, permission_id) FROM stdin;
\.


--
-- Data for Name: auth_permission; Type: TABLE DATA; Schema: public; Owner: exampleDBUserName
--

COPY public.auth_permission (id, name, content_type_id, codename) FROM stdin;
1	Can add log entry	1	add_logentry
2	Can change log entry	1	change_logentry
3	Can delete log entry	1	delete_logentry
4	Can view log entry	1	view_logentry
5	Can add permission	2	add_permission
6	Can change permission	2	change_permission
7	Can delete permission	2	delete_permission
8	Can view permission	2	view_permission
9	Can add group	3	add_group
10	Can change group	3	change_group
11	Can delete group	3	delete_group
12	Can view group	3	view_group
13	Can add user	4	add_user
14	Can change user	4	change_user
15	Can delete user	4	delete_user
16	Can view user	4	view_user
17	Can add content type	5	add_contenttype
18	Can change content type	5	change_contenttype
19	Can delete content type	5	delete_contenttype
20	Can view content type	5	view_contenttype
21	Can add session	6	add_session
22	Can change session	6	change_session
23	Can delete session	6	delete_session
24	Can view session	6	view_session
25	Can add Bus	7	add_bus
26	Can change Bus	7	change_bus
27	Can delete Bus	7	delete_bus
28	Can view Bus	7	view_bus
29	Can add Driver	8	add_driver
30	Can change Driver	8	change_driver
31	Can delete Driver	8	delete_driver
32	Can view Driver	8	view_driver
33	Can add Мова	9	add_language
34	Can change Мова	9	change_language
35	Can delete Мова	9	delete_language
36	Can view Мова	9	view_language
37	Can add Operator	10	add_operator
38	Can change Operator	10	change_operator
39	Can delete Operator	10	delete_operator
40	Can view Operator	10	view_operator
41	Can add Operator Confirm Code	11	add_operatorconfirmuuid
42	Can change Operator Confirm Code	11	change_operatorconfirmuuid
43	Can delete Operator Confirm Code	11	delete_operatorconfirmuuid
44	Can view Operator Confirm Code	11	view_operatorconfirmuuid
45	Can add Person	12	add_person
46	Can change Person	12	change_person
47	Can delete Person	12	delete_person
48	Can view Person	12	view_person
49	Can add Route	13	add_route
50	Can change Route	13	change_route
51	Can delete Route	13	delete_route
52	Can view Route	13	view_route
53	Can add Sending Message	14	add_sendingmessage
54	Can change Sending Message	14	change_sendingmessage
55	Can delete Sending Message	14	delete_sendingmessage
56	Can view Sending Message	14	view_sendingmessage
57	Can add Station	15	add_station
58	Can change Station	15	change_station
59	Can delete Station	15	delete_station
60	Can view Station	15	view_station
61	Can add Telegram User	16	add_telegramuser
62	Can change Telegram User	16	change_telegramuser
63	Can delete Telegram User	16	delete_telegramuser
64	Can view Telegram User	16	view_telegramuser
65	Can add Ticket Type	17	add_tickettype
66	Can change Ticket Type	17	change_tickettype
67	Can delete Ticket Type	17	delete_tickettype
68	Can view Ticket Type	17	view_tickettype
69	Can add Town	18	add_town
70	Can change Town	18	change_town
71	Can delete Town	18	delete_town
72	Can view Town	18	view_town
73	Can add User Search Station History	19	add_usersearchstationhistory
74	Can change User Search Station History	19	change_usersearchstationhistory
75	Can delete User Search Station History	19	delete_usersearchstationhistory
76	Can view User Search Station History	19	view_usersearchstationhistory
77	Can add Town Translation	20	add_towntranslations
78	Can change Town Translation	20	change_towntranslations
79	Can delete Town Translation	20	delete_towntranslations
80	Can view Town Translation	20	view_towntranslations
81	Can add Ticket Type Translation	21	add_tickettypetranslations
82	Can change Ticket Type Translation	21	change_tickettypetranslations
83	Can delete Ticket Type Translation	21	delete_tickettypetranslations
84	Can view Ticket Type Translation	21	view_tickettypetranslations
85	Can add Ticket	22	add_ticket
86	Can change Ticket	22	change_ticket
87	Can delete Ticket	22	delete_ticket
88	Can view Ticket	22	view_ticket
89	Can add Support Request	23	add_supportrequest
90	Can change Support Request	23	change_supportrequest
91	Can delete Support Request	23	delete_supportrequest
92	Can view Support Request	23	view_supportrequest
93	Can add Station Translation	24	add_stationtranslations
94	Can change Station Translation	24	change_stationtranslations
95	Can delete Station Translation	24	delete_stationtranslations
96	Can view Station Translation	24	view_stationtranslations
97	Can add Route Station	25	add_routestation
98	Can change Route Station	25	change_routestation
99	Can delete Route Station	25	delete_routestation
100	Can view Route Station	25	view_routestation
101	Can add Ticket Price	26	add_price
102	Can change Ticket Price	26	change_price
103	Can delete Ticket Price	26	delete_price
104	Can view Ticket Price	26	view_price
105	Can add Package	27	add_package
106	Can change Package	27	change_package
107	Can delete Package	27	delete_package
108	Can view Package	27	view_package
109	Can add Disallowed Way	28	add_disallowedway
110	Can change Disallowed Way	28	change_disallowedway
111	Can delete Disallowed Way	28	delete_disallowedway
112	Can view Disallowed Way	28	view_disallowedway
113	Can add Bus Option	29	add_busoption
114	Can change Bus Option	29	change_busoption
115	Can delete Bus Option	29	delete_busoption
116	Can view Bus Option	29	view_busoption
117	Can add User End Station History	30	add_userendstationhistory
118	Can change User End Station History	30	change_userendstationhistory
119	Can delete User End Station History	30	delete_userendstationhistory
120	Can view User End Station History	30	view_userendstationhistory
121	Can add User Start Station History	31	add_userstartstationhistory
122	Can change User Start Station History	31	change_userstartstationhistory
123	Can delete User Start Station History	31	delete_userstartstationhistory
124	Can view User Start Station History	31	view_userstartstationhistory
125	Can add Bus Translation	32	add_bustranslation
126	Can change Bus Translation	32	change_bustranslation
127	Can delete Bus Translation	32	delete_bustranslation
128	Can view Bus Translation	32	view_bustranslation
129	Can add Bus Option Translation	33	add_busoptiontranslation
130	Can change Bus Option Translation	33	change_busoptiontranslation
131	Can delete Bus Option Translation	33	delete_busoptiontranslation
132	Can view Bus Option Translation	33	view_busoptiontranslation
\.


--
-- Data for Name: auth_user; Type: TABLE DATA; Schema: public; Owner: exampleDBUserName
--

COPY public.auth_user (id, password, last_login, is_superuser, username, first_name, last_name, email, is_staff, is_active, date_joined) FROM stdin;
1	pbkdf2_sha256$390000$vyhEAz8af5WHHx2Fwwekh1$HmBBuMyuhfnmQIwgkK5ka//uf6zge0aw9SSaNmY+ryY=	2022-11-10 11:04:31.063947+00	t	root				t	t	2022-11-10 11:04:26.536636+00
\.


--
-- Data for Name: auth_user_groups; Type: TABLE DATA; Schema: public; Owner: exampleDBUserName
--

COPY public.auth_user_groups (id, user_id, group_id) FROM stdin;
\.


--
-- Data for Name: auth_user_user_permissions; Type: TABLE DATA; Schema: public; Owner: exampleDBUserName
--

COPY public.auth_user_user_permissions (id, user_id, permission_id) FROM stdin;
\.


--
-- Data for Name: bus; Type: TABLE DATA; Schema: public; Owner: exampleDBUserName
--

COPY public.bus (id, seats, name, numbers, description, code, photo) FROM stdin;
1	15	фіва	фіа	іфва	7cdbe1b9d14348c6	data/buses/завантаження.png
\.


--
-- Data for Name: bus_option_translations; Type: TABLE DATA; Schema: public; Owner: exampleDBUserName
--

COPY public.bus_option_translations (id, translation, bus_option_id, language_id) FROM stdin;
\.


--
-- Data for Name: bus_options; Type: TABLE DATA; Schema: public; Owner: exampleDBUserName
--

COPY public.bus_options (id, bus_id, busoption_id) FROM stdin;
\.


--
-- Data for Name: bus_translations; Type: TABLE DATA; Schema: public; Owner: exampleDBUserName
--

COPY public.bus_translations (id, name_translation, bus_id, language_id, description_translation) FROM stdin;
1	Головний автобус	1	1	Крутий автобус
\.


--
-- Data for Name: disallowed_way; Type: TABLE DATA; Schema: public; Owner: exampleDBUserName
--

COPY public.disallowed_way (id, from_station_id, route_id, to_station_id) FROM stdin;
\.


--
-- Data for Name: django_admin_log; Type: TABLE DATA; Schema: public; Owner: exampleDBUserName
--

COPY public.django_admin_log (id, action_time, object_id, object_repr, action_flag, change_message, content_type_id, user_id) FROM stdin;
1	2022-11-10 11:04:50.546873+00	1	Одеса	1	[{"added": {}}]	18	1
2	2022-11-10 11:04:55.735491+00	1	Одеса-Ринок	1	[{"added": {}}]	15	1
3	2022-11-10 11:05:06.528208+00	2	Одеса-Центр	1	[{"added": {}}]	15	1
4	2022-11-10 11:05:17.810845+00	1	фіва-15-фіа	1	[{"added": {}}]	7	1
5	2022-11-10 11:05:22.802552+00	234234	фіавіфав	1	[{"added": {}}]	8	1
6	2022-11-10 11:05:32.693707+00	1	 фіва-15-фіа, фіавіфав	1	[{"added": {}}]	13	1
7	2022-11-10 11:05:46.614738+00	1	 фіва-15-фіа, фіавіфав (1)	1	[{"added": {}}]	25	1
8	2022-11-10 11:05:54.715061+00	2	 фіва-15-фіа, фіавіфав (2)	1	[{"added": {}}]	25	1
9	2022-11-10 11:06:05.92757+00	1	Українська	1	[{"added": {}}]	9	1
10	2022-11-10 11:06:11.616631+00	1	Одеса-Ринок (Українська)	1	[{"added": {}}]	24	1
11	2022-11-10 11:06:17.803685+00	2	Одеса-Центр (Українська)	1	[{"added": {}}]	24	1
12	2022-11-10 11:06:30.766192+00	1	Одеса (Українська)	1	[{"added": {}}]	20	1
13	2022-11-10 12:17:45.35895+00	1	Одеса-1	2	[{"changed": {"fields": ["Name"]}}]	15	1
14	2022-11-10 12:17:49.082197+00	2	Одеса-2	2	[{"changed": {"fields": ["Name"]}}]	15	1
15	2022-11-10 12:28:08.659351+00	1	1	1	[{"added": {}}]	17	1
16	2022-11-10 12:28:12.161767+00	2	2	1	[{"added": {}}]	17	1
17	2022-11-10 12:28:20.824242+00	1	1 (Українська)	1	[{"added": {}}]	21	1
18	2022-11-10 12:28:28.704934+00	2	2 (Українська)	1	[{"added": {}}]	21	1
19	2022-11-10 12:28:50.167305+00	1	1	2	[]	17	1
20	2022-11-10 12:29:17.008119+00	1	Одеса-1 -> Одеса-2	1	[{"added": {}}]	26	1
21	2022-11-10 13:14:51.043756+00	1	BusTranslation object (1)	1	[{"added": {}}]	32	1
22	2022-11-10 13:16:57.395215+00	1	фіва-15-фіа	2	[{"changed": {"fields": ["Photo"]}}]	7	1
23	2022-11-11 08:50:04.878255+00	2	Київ	1	[{"added": {}}]	18	1
24	2022-11-11 08:50:08.576978+00	3	Київ-Центр	1	[{"added": {}}]	15	1
25	2022-11-11 08:50:18.013723+00	4	Київ-Ринок	1	[{"added": {}}]	15	1
26	2022-11-11 08:50:44.271647+00	5	Київ-Східний вокзал	1	[{"added": {}}]	15	1
27	2022-11-11 08:50:52.849851+00	2	Одеса-Центр	2	[{"changed": {"fields": ["Name"]}}]	15	1
28	2022-11-11 08:51:00.010056+00	1	Одеса-Ринок	2	[{"changed": {"fields": ["Name"]}}]	15	1
29	2022-11-11 08:51:14.539805+00	2	Київ (Українська)	1	[{"added": {}}]	20	1
30	2022-11-11 08:51:30.88825+00	3	Київ-Центр (Українська)	1	[{"added": {}}]	24	1
31	2022-11-11 08:51:36.830431+00	4	Київ-Ринок (Українська)	1	[{"added": {}}]	24	1
32	2022-11-11 08:51:49.239885+00	5	Київ-Східний вокзал (Українська)	1	[{"added": {}}]	24	1
33	2022-11-11 08:52:11.36409+00	3	 фіва-15-фіа, фіавіфав (3)	1	[{"added": {}}]	25	1
34	2022-11-11 08:52:25.009413+00	4	 фіва-15-фіа, фіавіфав (4)	1	[{"added": {}}]	25	1
35	2022-11-11 08:52:36.823421+00	5	 фіва-15-фіа, фіавіфав (5)	1	[{"added": {}}]	25	1
36	2022-11-11 08:53:12.542327+00	2	Одеса-Ринок -> Київ-Східний вокзал	1	[{"added": {}}]	26	1
37	2022-11-11 08:53:21.689551+00	3	Одеса-Ринок -> Київ-Ринок	1	[{"added": {}}]	26	1
38	2022-11-11 08:53:31.585491+00	4	Одеса-Ринок -> Київ-Центр	1	[{"added": {}}]	26	1
39	2022-11-11 08:53:44.792089+00	5	Одеса-Центр -> Київ-Східний вокзал	1	[{"added": {}}]	26	1
40	2022-11-11 08:53:57.027284+00	6	Одеса-Центр -> Київ-Ринок	1	[{"added": {}}]	26	1
41	2022-11-11 08:54:17.162052+00	7	Одеса-Центр -> Київ-Центр	1	[{"added": {}}]	26	1
42	2022-11-11 08:54:34.099931+00	8	Київ-Східний вокзал -> Київ-Ринок	1	[{"added": {}}]	26	1
43	2022-11-11 08:54:44.85386+00	9	Київ-Східний вокзал -> Київ-Центр	1	[{"added": {}}]	26	1
44	2022-11-11 08:54:56.568754+00	10	Київ-Ринок -> Київ-Центр	1	[{"added": {}}]	26	1
45	2022-11-11 09:04:23.701702+00	1	Студент	2	[{"changed": {"fields": ["Name"]}}]	17	1
46	2022-11-11 09:04:31.563339+00	2	Студент	2	[{"changed": {"fields": ["Name"]}}]	17	1
47	2022-11-11 09:04:39.707021+00	1	Дорослий	2	[{"changed": {"fields": ["Name"]}}]	17	1
48	2022-11-11 09:06:25.704183+00	23	Ticket object (23)	3		22	1
49	2022-11-11 09:06:25.7078+00	22	Ticket object (22)	3		22	1
50	2022-11-11 09:06:25.710716+00	21	Ticket object (21)	3		22	1
51	2022-11-11 09:06:25.713945+00	20	Ticket object (20)	3		22	1
52	2022-11-11 09:06:25.717949+00	19	Ticket object (19)	3		22	1
53	2022-11-11 09:06:25.72184+00	18	Ticket object (18)	3		22	1
54	2022-11-11 09:06:25.72545+00	17	Ticket object (17)	3		22	1
55	2022-11-11 09:06:25.728782+00	16	Ticket object (16)	3		22	1
56	2022-11-11 09:06:25.732007+00	15	Ticket object (15)	3		22	1
57	2022-11-11 09:06:25.735232+00	14	Ticket object (14)	3		22	1
58	2022-11-11 09:06:25.738842+00	13	Ticket object (13)	3		22	1
59	2022-11-11 09:06:25.74233+00	12	Ticket object (12)	3		22	1
60	2022-11-11 09:06:25.745088+00	11	Ticket object (11)	3		22	1
61	2022-11-11 09:06:25.747896+00	10	Ticket object (10)	3		22	1
62	2022-11-11 09:06:25.75064+00	9	Ticket object (9)	3		22	1
63	2022-11-11 09:09:29.804457+00	2	 фіва-15-фіа, фіавіфав (2)	2	[{"changed": {"fields": ["Departure time"]}}]	25	1
64	2022-11-11 11:50:50.191866+00	2	Київ	3		18	1
65	2022-11-11 11:50:50.198141+00	1	Одеса	3		18	1
66	2022-11-11 11:51:04.130758+00	3	Одеса	1	[{"added": {}}]	18	1
67	2022-11-11 11:51:19.996381+00	4	Ізмаїл	1	[{"added": {}}]	18	1
68	2022-11-11 11:51:51.090331+00	5	Паром	1	[{"added": {}}]	18	1
69	2022-11-11 11:52:09.033808+00	6	Констанція	1	[{"added": {}}]	18	1
70	2022-11-11 11:52:14.523047+00	7	Дуранкулак	1	[{"added": {}}]	18	1
71	2022-11-11 11:52:21.530255+00	8	Балчик	1	[{"added": {}}]	18	1
72	2022-11-11 11:52:26.650326+00	9	Золоті Піски	1	[{"added": {}}]	18	1
73	2022-11-11 11:52:54.579353+00	6	Одеса-Центр	1	[{"added": {}}]	15	1
74	2022-11-11 11:52:58.964489+00	7	Ізмаїл-Центр	1	[{"added": {}}]	15	1
75	2022-11-11 11:53:02.672721+00	8	Паром-Центр	1	[{"added": {}}]	15	1
76	2022-11-11 11:53:08.384531+00	9	Констанція-Центр	1	[{"added": {}}]	15	1
77	2022-11-11 11:53:13.389502+00	10	Дуранкулак-Центр	1	[{"added": {}}]	15	1
78	2022-11-11 11:53:17.613467+00	11	Балчик-Центр	1	[{"added": {}}]	15	1
79	2022-11-11 11:53:25.310358+00	12	Золоті Піски-Центр	1	[{"added": {}}]	15	1
80	2022-11-11 11:53:49.687472+00	2	 фіва-15-фіа, фіавіфав	1	[{"added": {}}]	13	1
81	2022-11-11 11:54:06.038843+00	3	Одеса (Українська)	1	[{"added": {}}]	20	1
82	2022-11-11 11:54:13.074715+00	4	Ізмаїл (Українська)	1	[{"added": {}}]	20	1
83	2022-11-11 11:54:19.410058+00	5	Паром (Українська)	1	[{"added": {}}]	20	1
84	2022-11-11 11:54:26.097464+00	6	Констанція (Українська)	1	[{"added": {}}]	20	1
85	2022-11-11 11:54:36.338351+00	7	Дуранкулак (Українська)	1	[{"added": {}}]	20	1
86	2022-11-11 11:54:42.890506+00	8	Балчик (Українська)	1	[{"added": {}}]	20	1
87	2022-11-11 11:54:54.864664+00	9	Золоті Піски (Українська)	1	[{"added": {}}]	20	1
88	2022-11-11 11:55:44.588098+00	6	Одеса-Центр (Українська)	1	[{"added": {}}]	24	1
89	2022-11-11 11:55:48.122161+00	7	Ізмаїл-Центр (Українська)	1	[{"added": {}}]	24	1
90	2022-11-11 11:55:51.514357+00	8	Паром-Центр (Українська)	1	[{"added": {}}]	24	1
91	2022-11-11 11:55:55.109721+00	9	Констанція-Центр (Українська)	1	[{"added": {}}]	24	1
92	2022-11-11 11:55:59.262343+00	10	Дуранкулак-Центр (Українська)	1	[{"added": {}}]	24	1
93	2022-11-11 11:56:03.313015+00	11	Балчик-Центр (Українська)	1	[{"added": {}}]	24	1
94	2022-11-11 11:56:06.858006+00	12	Золоті Піски-Центр (Українська)	1	[{"added": {}}]	24	1
95	2022-11-11 11:56:27.684402+00	6	 фіва-15-фіа, фіавіфав (1)	1	[{"added": {}}]	25	1
96	2022-11-11 11:56:37.592275+00	7	 фіва-15-фіа, фіавіфав (2)	1	[{"added": {}}]	25	1
97	2022-11-11 11:56:53.271102+00	8	 фіва-15-фіа, фіавіфав (3)	1	[{"added": {}}]	25	1
98	2022-11-11 11:57:16.705317+00	9	 фіва-15-фіа, фіавіфав (4)	1	[{"added": {}}]	25	1
99	2022-11-11 11:57:32.11914+00	10	 фіва-15-фіа, фіавіфав (5)	1	[{"added": {}}]	25	1
100	2022-11-11 11:57:46.907778+00	11	 фіва-15-фіа, фіавіфав (6)	1	[{"added": {}}]	25	1
101	2022-11-11 11:58:00.415945+00	12	 фіва-15-фіа, фіавіфав (7)	1	[{"added": {}}]	25	1
102	2022-11-11 11:58:19.634993+00	11	Одеса-Центр -> Ізмаїл-Центр	1	[{"added": {}}]	26	1
103	2022-11-11 11:58:28.40713+00	12	Одеса-Центр -> Паром-Центр	1	[{"added": {}}]	26	1
104	2022-11-11 11:58:39.148518+00	13	Одеса-Центр -> Констанція-Центр	1	[{"added": {}}]	26	1
105	2022-11-11 11:58:55.2988+00	14	Одеса-Центр -> Дуранкулак-Центр	1	[{"added": {}}]	26	1
106	2022-11-11 11:59:07.466401+00	15	Одеса-Центр -> Дуранкулак-Центр	1	[{"added": {}}]	26	1
107	2022-11-11 11:59:29.872205+00	16	Одеса-Центр -> Балчик-Центр	1	[{"added": {}}]	26	1
108	2022-11-11 11:59:37.881646+00	17	Одеса-Центр -> Золоті Піски-Центр	1	[{"added": {}}]	26	1
109	2022-11-11 11:59:48.218616+00	18	Ізмаїл-Центр -> Паром-Центр	1	[{"added": {}}]	26	1
110	2022-11-11 12:00:04.940535+00	19	Ізмаїл-Центр -> Констанція-Центр	1	[{"added": {}}]	26	1
111	2022-11-11 12:00:14.022026+00	20	Ізмаїл-Центр -> Констанція-Центр	1	[{"added": {}}]	26	1
112	2022-11-11 12:00:30.004776+00	21	Ізмаїл-Центр -> Дуранкулак-Центр	1	[{"added": {}}]	26	1
113	2022-11-11 12:00:42.210938+00	22	Ізмаїл-Центр -> Балчик-Центр	1	[{"added": {}}]	26	1
114	2022-11-11 12:01:00.262853+00	23	Ізмаїл-Центр -> Золоті Піски-Центр	1	[{"added": {}}]	26	1
115	2022-11-11 12:01:31.599584+00	24	Паром-Центр -> Констанція-Центр	1	[{"added": {}}]	26	1
116	2022-11-11 12:01:41.702304+00	25	Паром-Центр -> Дуранкулак-Центр	1	[{"added": {}}]	26	1
117	2022-11-11 12:01:50.477176+00	26	Паром-Центр -> Балчик-Центр	1	[{"added": {}}]	26	1
118	2022-11-11 12:02:02.721145+00	27	Паром-Центр -> Золоті Піски-Центр	1	[{"added": {}}]	26	1
119	2022-11-11 12:02:15.949549+00	28	Констанція-Центр -> Дуранкулак-Центр	1	[{"added": {}}]	26	1
120	2022-11-11 12:02:24.165242+00	29	Констанція-Центр -> Балчик-Центр	1	[{"added": {}}]	26	1
121	2022-11-11 12:02:35.613278+00	30	Констанція-Центр -> Золоті Піски-Центр	1	[{"added": {}}]	26	1
122	2022-11-11 12:02:43.354295+00	31	Дуранкулак-Центр -> Балчик-Центр	1	[{"added": {}}]	26	1
123	2022-11-11 12:02:58.160553+00	32	Дуранкулак-Центр -> Золоті Піски-Центр	1	[{"added": {}}]	26	1
124	2022-11-11 12:03:12.730906+00	33	Балчик-Центр -> Золоті Піски-Центр	1	[{"added": {}}]	26	1
125	2022-11-11 12:11:33.890138+00	33	Балчик-Центр -> Золоті Піски-Центр	3		26	1
126	2022-11-11 12:11:33.894645+00	32	Дуранкулак-Центр -> Золоті Піски-Центр	3		26	1
127	2022-11-11 12:11:33.898337+00	31	Дуранкулак-Центр -> Балчик-Центр	3		26	1
128	2022-11-11 12:11:33.902574+00	30	Констанція-Центр -> Золоті Піски-Центр	3		26	1
129	2022-11-11 12:11:33.906678+00	29	Констанція-Центр -> Балчик-Центр	3		26	1
130	2022-11-11 12:11:33.910539+00	28	Констанція-Центр -> Дуранкулак-Центр	3		26	1
131	2022-11-11 12:11:33.914771+00	27	Паром-Центр -> Золоті Піски-Центр	3		26	1
132	2022-11-11 12:11:33.918878+00	26	Паром-Центр -> Балчик-Центр	3		26	1
133	2022-11-11 12:11:33.922199+00	25	Паром-Центр -> Дуранкулак-Центр	3		26	1
134	2022-11-11 12:11:33.925312+00	24	Паром-Центр -> Констанція-Центр	3		26	1
135	2022-11-11 12:11:33.928308+00	23	Ізмаїл-Центр -> Золоті Піски-Центр	3		26	1
136	2022-11-11 12:11:33.93133+00	22	Ізмаїл-Центр -> Балчик-Центр	3		26	1
137	2022-11-11 12:11:33.934509+00	21	Ізмаїл-Центр -> Дуранкулак-Центр	3		26	1
138	2022-11-11 12:11:33.938419+00	20	Ізмаїл-Центр -> Констанція-Центр	3		26	1
139	2022-11-11 12:11:33.942021+00	19	Ізмаїл-Центр -> Констанція-Центр	3		26	1
140	2022-11-11 12:11:33.945335+00	18	Ізмаїл-Центр -> Паром-Центр	3		26	1
141	2022-11-11 12:11:33.949023+00	17	Одеса-Центр -> Золоті Піски-Центр	3		26	1
142	2022-11-11 12:11:33.952647+00	16	Одеса-Центр -> Балчик-Центр	3		26	1
143	2022-11-11 12:11:33.956572+00	15	Одеса-Центр -> Дуранкулак-Центр	3		26	1
144	2022-11-11 12:11:33.960218+00	14	Одеса-Центр -> Дуранкулак-Центр	3		26	1
145	2022-11-11 12:11:33.964026+00	13	Одеса-Центр -> Констанція-Центр	3		26	1
146	2022-11-11 12:11:33.970834+00	12	Одеса-Центр -> Паром-Центр	3		26	1
147	2022-11-11 12:11:33.975154+00	11	Одеса-Центр -> Ізмаїл-Центр	3		26	1
148	2022-11-11 12:11:43.38448+00	12	Золоті Піски-Центр	3		15	1
149	2022-11-11 12:11:43.38931+00	11	Балчик-Центр	3		15	1
150	2022-11-11 12:11:43.393418+00	10	Дуранкулак-Центр	3		15	1
151	2022-11-11 12:11:43.397397+00	9	Констанція-Центр	3		15	1
152	2022-11-11 12:11:43.401411+00	8	Паром-Центр	3		15	1
153	2022-11-11 12:11:43.406151+00	7	Ізмаїл-Центр	3		15	1
154	2022-11-11 12:11:43.41074+00	6	Одеса-Центр	3		15	1
155	2022-11-11 12:11:56.180994+00	9	Золоті Піски	3		18	1
156	2022-11-11 12:11:56.185877+00	8	Балчик	3		18	1
157	2022-11-11 12:11:56.189871+00	7	Дуранкулак	3		18	1
158	2022-11-11 12:11:56.193773+00	6	Констанція	3		18	1
159	2022-11-11 12:11:56.197988+00	5	Паром	3		18	1
160	2022-11-11 12:11:56.202+00	4	Ізмаїл	3		18	1
161	2022-11-11 12:11:56.206288+00	3	Одеса	3		18	1
162	2022-11-11 12:12:13.444867+00	10	Одеса	1	[{"added": {}}]	18	1
163	2022-11-11 12:12:17.539025+00	11	Болгарія	1	[{"added": {}}]	18	1
164	2022-11-11 12:12:26.87337+00	10	Одеса (Українська)	1	[{"added": {}}]	20	1
165	2022-11-11 12:12:33.890497+00	11	Болгарія (Українська)	1	[{"added": {}}]	20	1
166	2022-11-11 12:12:49.446037+00	13	Одеса-Старостенська	1	[{"added": {}}]	15	1
167	2022-11-11 12:12:59.663873+00	14	Одеса-Ізмаїл	1	[{"added": {}}]	15	1
168	2022-11-11 12:14:29.391361+00	15	Одеса-Паром	1	[{"added": {}}]	15	1
169	2022-11-11 12:14:37.554002+00	16	Болгарія-Варна	1	[{"added": {}}]	15	1
170	2022-11-11 12:14:47.73915+00	17	Болгарія-Бяла	1	[{"added": {}}]	15	1
171	2022-11-11 12:14:54.672776+00	18	Болгарія-Сонячний берег	1	[{"added": {}}]	15	1
172	2022-11-11 12:15:03.846679+00	19	Болгарія-Бургас	1	[{"added": {}}]	15	1
173	2022-11-11 12:15:16.928136+00	13	Одеса-Старостенська (Українська)	1	[{"added": {}}]	24	1
174	2022-11-11 12:16:19.543004+00	14	Одеса-Ізмаїл (Українська)	1	[{"added": {}}]	24	1
175	2022-11-11 12:16:25.064599+00	15	Одеса-Паром (Українська)	1	[{"added": {}}]	24	1
176	2022-11-11 12:16:30.158219+00	16	Болгарія-Варна (Українська)	1	[{"added": {}}]	24	1
177	2022-11-11 12:16:35.717322+00	17	Болгарія-Бяла (Українська)	1	[{"added": {}}]	24	1
178	2022-11-11 12:16:47.359422+00	18	Болгарія-Сонячний берег (Українська)	1	[{"added": {}}]	24	1
179	2022-11-11 12:16:53.22124+00	19	Болгарія-Бургас (Українська)	1	[{"added": {}}]	24	1
180	2022-11-11 12:17:08.101075+00	3	 фіва-15-фіа, фіавіфав	1	[{"added": {}}]	13	1
181	2022-11-11 12:17:29.188912+00	13	 фіва-15-фіа, фіавіфав (1)	1	[{"added": {}}]	25	1
182	2022-11-11 12:17:42.740003+00	14	 фіва-15-фіа, фіавіфав (2)	1	[{"added": {}}]	25	1
183	2022-11-11 12:18:42.252781+00	15	 фіва-15-фіа, фіавіфав (3)	1	[{"added": {}}]	25	1
184	2022-11-11 12:18:54.084404+00	16	 фіва-15-фіа, фіавіфав (4)	1	[{"added": {}}]	25	1
185	2022-11-11 12:19:14.708645+00	17	 фіва-15-фіа, фіавіфав (5)	1	[{"added": {}}]	25	1
186	2022-11-11 12:19:29.636151+00	18	 фіва-15-фіа, фіавіфав (6)	1	[{"added": {}}]	25	1
187	2022-11-11 12:19:42.66896+00	19	 фіва-15-фіа, фіавіфав (7)	1	[{"added": {}}]	25	1
188	2022-11-11 12:20:10.720563+00	34	Одеса-Старостенська -> Одеса-Ізмаїл	1	[{"added": {}}]	26	1
189	2022-11-11 12:20:16.868251+00	35	Одеса-Старостенська -> Одеса-Паром	1	[{"added": {}}]	26	1
190	2022-11-11 12:20:22.760184+00	36	Одеса-Старостенська -> Одеса-Паром	1	[{"added": {}}]	26	1
191	2022-11-11 12:20:28.927333+00	37	Одеса-Старостенська -> Болгарія-Варна	1	[{"added": {}}]	26	1
192	2022-11-11 12:20:37.707873+00	38	Одеса-Старостенська -> Болгарія-Бяла	1	[{"added": {}}]	26	1
193	2022-11-11 12:20:43.053654+00	39	Одеса-Старостенська -> Болгарія-Сонячний берег	1	[{"added": {}}]	26	1
194	2022-11-11 12:20:52.836011+00	40	Одеса-Старостенська -> Болгарія-Бургас	1	[{"added": {}}]	26	1
195	2022-11-11 12:21:04.204701+00	41	Одеса-Ізмаїл -> Одеса-Паром	1	[{"added": {}}]	26	1
196	2022-11-11 12:21:12.746232+00	42	Одеса-Ізмаїл -> Болгарія-Варна	1	[{"added": {}}]	26	1
197	2022-11-11 12:21:20.180032+00	43	Одеса-Ізмаїл -> Болгарія-Бяла	1	[{"added": {}}]	26	1
198	2022-11-11 12:21:33.929541+00	44	Одеса-Ізмаїл -> Болгарія-Сонячний берег	1	[{"added": {}}]	26	1
199	2022-11-11 12:21:41.026241+00	45	Одеса-Ізмаїл -> Болгарія-Бургас	1	[{"added": {}}]	26	1
200	2022-11-11 12:21:48.26415+00	46	Одеса-Паром -> Болгарія-Варна	1	[{"added": {}}]	26	1
201	2022-11-11 12:21:54.359201+00	47	Одеса-Паром -> Болгарія-Бяла	1	[{"added": {}}]	26	1
202	2022-11-11 12:22:03.682222+00	48	Одеса-Паром -> Болгарія-Сонячний берег	1	[{"added": {}}]	26	1
203	2022-11-11 12:22:15.223217+00	49	Одеса-Паром -> Болгарія-Бургас	1	[{"added": {}}]	26	1
204	2022-11-11 12:22:42.026751+00	50	Болгарія-Варна -> Болгарія-Бяла	1	[{"added": {}}]	26	1
205	2022-11-11 12:22:50.341421+00	51	Болгарія-Варна -> Болгарія-Сонячний берег	1	[{"added": {}}]	26	1
206	2022-11-11 12:22:59.287792+00	52	Болгарія-Варна -> Болгарія-Бургас	1	[{"added": {}}]	26	1
207	2022-11-11 12:23:12.026368+00	53	Болгарія-Бяла -> Болгарія-Бяла	1	[{"added": {}}]	26	1
208	2022-11-11 12:23:23.082733+00	53	Болгарія-Бяла -> Болгарія-Сонячний берег	2	[{"changed": {"fields": ["To station"]}}]	26	1
209	2022-11-11 12:23:31.640284+00	54	Болгарія-Бяла -> Болгарія-Бургас	1	[{"added": {}}]	26	1
210	2022-11-11 12:23:52.223585+00	55	Болгарія-Сонячний берег -> Болгарія-Бургас	1	[{"added": {}}]	26	1
211	2022-11-14 07:29:26.559824+00	5639543357	Максим "Sidis.group" (5639543357)	3		16	1
212	2022-11-14 07:29:26.566967+00	619061804	Radzih (619061804)	3		16	1
213	2022-11-14 07:29:26.569689+00	264002284	Yura (264002284)	3		16	1
214	2022-11-14 07:29:26.572265+00	178875921	Максим Тучка (178875921)	3		16	1
215	2022-11-14 07:29:26.574973+00	143140027	Артём Александрович (143140027)	3		16	1
\.


--
-- Data for Name: django_content_type; Type: TABLE DATA; Schema: public; Owner: exampleDBUserName
--

COPY public.django_content_type (id, app_label, model) FROM stdin;
1	admin	logentry
2	auth	permission
3	auth	group
4	auth	user
5	contenttypes	contenttype
6	sessions	session
7	app	bus
8	app	driver
9	app	language
10	app	operator
11	app	operatorconfirmuuid
12	app	person
13	app	route
14	app	sendingmessage
15	app	station
16	app	telegramuser
17	app	tickettype
18	app	town
19	app	usersearchstationhistory
20	app	towntranslations
21	app	tickettypetranslations
22	app	ticket
23	app	supportrequest
24	app	stationtranslations
25	app	routestation
26	app	price
27	app	package
28	app	disallowedway
29	app	busoption
30	app	userendstationhistory
31	app	userstartstationhistory
32	app	bustranslation
33	app	busoptiontranslation
\.


--
-- Data for Name: django_migrations; Type: TABLE DATA; Schema: public; Owner: exampleDBUserName
--

COPY public.django_migrations (id, app, name, applied) FROM stdin;
1	contenttypes	0001_initial	2022-11-10 10:51:35.900831+00
2	auth	0001_initial	2022-11-10 10:51:36.066961+00
3	admin	0001_initial	2022-11-10 10:51:36.113411+00
4	admin	0002_logentry_remove_auto_add	2022-11-10 10:51:36.133512+00
5	admin	0003_logentry_add_action_flag_choices	2022-11-10 10:51:36.147461+00
6	app	0001_initial	2022-11-10 10:51:36.857613+00
7	app	0002_ticket_created_time_alter_package_package_code_and_more	2022-11-10 10:51:36.920686+00
8	app	0003_bus_photo_alter_package_package_code_and_more	2022-11-10 10:51:36.965018+00
9	contenttypes	0002_remove_content_type_name	2022-11-10 10:51:37.009411+00
10	auth	0002_alter_permission_name_max_length	2022-11-10 10:51:37.025642+00
11	auth	0003_alter_user_email_max_length	2022-11-10 10:51:37.040403+00
12	auth	0004_alter_user_username_opts	2022-11-10 10:51:37.057085+00
13	auth	0005_alter_user_last_login_null	2022-11-10 10:51:37.075302+00
14	auth	0006_require_contenttypes_0002	2022-11-10 10:51:37.082123+00
15	auth	0007_alter_validators_add_error_messages	2022-11-10 10:51:37.100742+00
16	auth	0008_alter_user_username_max_length	2022-11-10 10:51:37.131088+00
17	auth	0009_alter_user_last_name_max_length	2022-11-10 10:51:37.149656+00
18	auth	0010_alter_group_name_max_length	2022-11-10 10:51:37.169933+00
19	auth	0011_update_proxy_permissions	2022-11-10 10:51:37.203139+00
20	auth	0012_alter_user_first_name_max_length	2022-11-10 10:51:37.218713+00
21	sessions	0001_initial	2022-11-10 10:51:37.250388+00
22	app	0004_busoption_alter_package_package_code_and_more	2022-11-10 10:51:45.089919+00
23	app	0005_remove_usersearchstationhistory_end_station_and_more	2022-11-10 11:03:38.81358+00
24	app	0006_userendstationhistory_userstartstationhistory_and_more	2022-11-10 11:10:37.183484+00
25	app	0007_alter_package_package_code_alter_ticket_ticket_code_and_more	2022-11-10 13:02:56.860139+00
26	app	0008_rename_translation_bustranslation_name_translation_and_more	2022-11-10 13:12:36.003356+00
\.


--
-- Data for Name: django_session; Type: TABLE DATA; Schema: public; Owner: exampleDBUserName
--

COPY public.django_session (session_key, session_data, expire_date) FROM stdin;
5vsrq27mg3hnmk53i9tkz5aoktymmk23	.eJxVjEEOwiAQRe_C2pAOUCgu3XsGMjNMpWpoUtqV8e7apAvd_vfef6mE21rS1mRJU1ZnBer0uxHyQ-oO8h3rbdY813WZSO-KPmjT1znL83K4fwcFW_nWhANjZwQHoWiNs9zTGIB6b8kOnc8d5gAcwPRuZBFyYYTorYvMgD6o9wf4Hjgl:1ot5MF:ESuobDl-q1UJZoirUh4OfN_lshMkbtxp0fvm24Nl3xY	2022-11-24 11:04:31.067462+00
\.


--
-- Data for Name: driver; Type: TABLE DATA; Schema: public; Owner: exampleDBUserName
--

COPY public.driver (telegram_id, full_name, phone) FROM stdin;
234234	фіавіфав	фіав
\.


--
-- Data for Name: language; Type: TABLE DATA; Schema: public; Owner: exampleDBUserName
--

COPY public.language (id, name, code) FROM stdin;
1	Українська	uk
\.


--
-- Data for Name: operator; Type: TABLE DATA; Schema: public; Owner: exampleDBUserName
--

COPY public.operator (telegram_id, full_name) FROM stdin;
\.


--
-- Data for Name: operator_confirm_code; Type: TABLE DATA; Schema: public; Owner: exampleDBUserName
--

COPY public.operator_confirm_code (uuid) FROM stdin;
\.


--
-- Data for Name: package; Type: TABLE DATA; Schema: public; Owner: exampleDBUserName
--

COPY public.package (id, is_paid, package_code, payment_id, paid_time, end_station_id, owner_id, receiver_id, route_id, sender_id, start_station_id) FROM stdin;
\.


--
-- Data for Name: persons; Type: TABLE DATA; Schema: public; Owner: exampleDBUserName
--

COPY public.persons (id, name, surname, phone, telegram_user_id) FROM stdin;
\.


--
-- Data for Name: route; Type: TABLE DATA; Schema: public; Owner: exampleDBUserName
--

COPY public.route (id, code, active, beneficiary_limit, is_regular, bus_id, driver_id, end_station_id, start_station_id) FROM stdin;
3	7ba86b	t	10	f	1	234234	19	13
\.


--
-- Data for Name: routes_stations; Type: TABLE DATA; Schema: public; Owner: exampleDBUserName
--

COPY public.routes_stations (id, station_index, departure_time, route_id, station_id) FROM stdin;
13	1	2022-11-21 22:00:00+00	3	13
14	2	2022-11-20 23:00:00+00	3	14
15	3	2022-11-21 00:00:00+00	3	15
16	4	2022-11-21 01:00:00+00	3	16
17	5	2022-11-21 02:00:00+00	3	17
18	6	2022-11-21 03:00:00+00	3	18
19	7	2022-11-21 04:00:00+00	3	19
\.


--
-- Data for Name: sending_message; Type: TABLE DATA; Schema: public; Owner: exampleDBUserName
--

COPY public.sending_message (id, text) FROM stdin;
\.


--
-- Data for Name: station; Type: TABLE DATA; Schema: public; Owner: exampleDBUserName
--

COPY public.station (id, code, name, laititude, longitude, town_id) FROM stdin;
13	0296	Старостенська	12	12	10
14	47e2	Ізмаїл	12	12	10
15	d1a0	Паром	1	12	10
16	0612	Варна	12	12	11
17	9627	Бяла	12	12	11
18	b7fb	Сонячний берег	12	12	11
19	28b6	Бургас	12	12	11
\.


--
-- Data for Name: stations_translations; Type: TABLE DATA; Schema: public; Owner: exampleDBUserName
--

COPY public.stations_translations (id, translation, language_id, station_id) FROM stdin;
13	Старостенська	1	13
14	Ізмаїл	1	14
15	Паром	1	15
16	Варна	1	16
17	Бяла	1	17
18	Сонячний берег	1	18
19	Бургас	1	19
\.


--
-- Data for Name: support_request; Type: TABLE DATA; Schema: public; Owner: exampleDBUserName
--

COPY public.support_request (id, created_time, message_id_to_edit, user_id) FROM stdin;
\.


--
-- Data for Name: telegram_user; Type: TABLE DATA; Schema: public; Owner: exampleDBUserName
--

COPY public.telegram_user (telegram_id, full_name, join_time, phone, is_notifications_enabled, language_id) FROM stdin;
\.


--
-- Data for Name: ticket; Type: TABLE DATA; Schema: public; Owner: exampleDBUserName
--

COPY public.ticket (id, ticket_code, is_paid, is_booked, payment_id, paid_time, end_station_id, owner_id, passenger_id, route_id, start_station_id, type_id, created_time) FROM stdin;
\.


--
-- Data for Name: ticket_price; Type: TABLE DATA; Schema: public; Owner: exampleDBUserName
--

COPY public.ticket_price (id, ticket_price, package_price, from_station_id, route_id, to_station_id) FROM stdin;
34	100.00	10.00	13	3	14
35	200.00	20.00	13	3	15
36	300.00	30.00	13	3	15
37	400.00	40.00	13	3	16
38	500.00	50.00	13	3	17
39	600.00	60.00	13	3	18
40	700.00	70.00	13	3	19
41	100.00	10.00	14	3	15
42	200.00	20.00	14	3	16
43	300.00	30.00	14	3	17
44	500.00	50.00	14	3	18
45	600.00	60.00	14	3	19
46	100.00	10.00	15	3	16
47	200.00	20.00	15	3	17
48	300.00	30.00	15	3	18
49	400.00	40.00	15	3	19
50	100.00	10.00	16	3	17
51	200.00	20.00	16	3	18
52	300.00	30.00	16	3	19
53	100.00	10.00	17	3	18
54	200.00	20.00	17	3	19
55	100.00	10.00	18	3	19
\.


--
-- Data for Name: ticket_type; Type: TABLE DATA; Schema: public; Owner: exampleDBUserName
--

COPY public.ticket_type (id, name, discount) FROM stdin;
2	Студент	50
1	Дорослий	0
\.


--
-- Data for Name: ticket_type_translations; Type: TABLE DATA; Schema: public; Owner: exampleDBUserName
--

COPY public.ticket_type_translations (id, translation, language_id, ticket_type_id) FROM stdin;
1	Дорослий	1	1
2	Студент	1	2
\.


--
-- Data for Name: town; Type: TABLE DATA; Schema: public; Owner: exampleDBUserName
--

COPY public.town (id, name) FROM stdin;
10	Одеса
11	Болгарія
\.


--
-- Data for Name: towns_translations; Type: TABLE DATA; Schema: public; Owner: exampleDBUserName
--

COPY public.towns_translations (id, translation, language_id, town_id) FROM stdin;
10	Одеса	1	10
11	Болгарія	1	11
\.


--
-- Data for Name: user_end_station_history; Type: TABLE DATA; Schema: public; Owner: exampleDBUserName
--

COPY public.user_end_station_history (id, station_id, user_id) FROM stdin;
\.


--
-- Data for Name: user_start_station_history; Type: TABLE DATA; Schema: public; Owner: exampleDBUserName
--

COPY public.user_start_station_history (id, station_id, user_id) FROM stdin;
\.


--
-- Name: app_bus_options_id_seq; Type: SEQUENCE SET; Schema: public; Owner: exampleDBUserName
--

SELECT pg_catalog.setval('public.app_bus_options_id_seq', 1, false);


--
-- Name: auth_group_id_seq; Type: SEQUENCE SET; Schema: public; Owner: exampleDBUserName
--

SELECT pg_catalog.setval('public.auth_group_id_seq', 1, false);


--
-- Name: auth_group_permissions_id_seq; Type: SEQUENCE SET; Schema: public; Owner: exampleDBUserName
--

SELECT pg_catalog.setval('public.auth_group_permissions_id_seq', 1, false);


--
-- Name: auth_permission_id_seq; Type: SEQUENCE SET; Schema: public; Owner: exampleDBUserName
--

SELECT pg_catalog.setval('public.auth_permission_id_seq', 132, true);


--
-- Name: auth_user_groups_id_seq; Type: SEQUENCE SET; Schema: public; Owner: exampleDBUserName
--

SELECT pg_catalog.setval('public.auth_user_groups_id_seq', 1, false);


--
-- Name: auth_user_id_seq; Type: SEQUENCE SET; Schema: public; Owner: exampleDBUserName
--

SELECT pg_catalog.setval('public.auth_user_id_seq', 1, true);


--
-- Name: auth_user_user_permissions_id_seq; Type: SEQUENCE SET; Schema: public; Owner: exampleDBUserName
--

SELECT pg_catalog.setval('public.auth_user_user_permissions_id_seq', 1, false);


--
-- Name: bus_id_seq; Type: SEQUENCE SET; Schema: public; Owner: exampleDBUserName
--

SELECT pg_catalog.setval('public.bus_id_seq', 1, true);


--
-- Name: bus_option_translations_id_seq; Type: SEQUENCE SET; Schema: public; Owner: exampleDBUserName
--

SELECT pg_catalog.setval('public.bus_option_translations_id_seq', 1, false);


--
-- Name: bus_options_id_seq; Type: SEQUENCE SET; Schema: public; Owner: exampleDBUserName
--

SELECT pg_catalog.setval('public.bus_options_id_seq', 1, false);


--
-- Name: bus_translations_id_seq; Type: SEQUENCE SET; Schema: public; Owner: exampleDBUserName
--

SELECT pg_catalog.setval('public.bus_translations_id_seq', 1, true);


--
-- Name: disallowed_way_id_seq; Type: SEQUENCE SET; Schema: public; Owner: exampleDBUserName
--

SELECT pg_catalog.setval('public.disallowed_way_id_seq', 1, false);


--
-- Name: django_admin_log_id_seq; Type: SEQUENCE SET; Schema: public; Owner: exampleDBUserName
--

SELECT pg_catalog.setval('public.django_admin_log_id_seq', 215, true);


--
-- Name: django_content_type_id_seq; Type: SEQUENCE SET; Schema: public; Owner: exampleDBUserName
--

SELECT pg_catalog.setval('public.django_content_type_id_seq', 33, true);


--
-- Name: django_migrations_id_seq; Type: SEQUENCE SET; Schema: public; Owner: exampleDBUserName
--

SELECT pg_catalog.setval('public.django_migrations_id_seq', 26, true);


--
-- Name: language_id_seq; Type: SEQUENCE SET; Schema: public; Owner: exampleDBUserName
--

SELECT pg_catalog.setval('public.language_id_seq', 1, true);


--
-- Name: package_id_seq; Type: SEQUENCE SET; Schema: public; Owner: exampleDBUserName
--

SELECT pg_catalog.setval('public.package_id_seq', 4, true);


--
-- Name: persons_id_seq; Type: SEQUENCE SET; Schema: public; Owner: exampleDBUserName
--

SELECT pg_catalog.setval('public.persons_id_seq', 32, true);


--
-- Name: route_id_seq; Type: SEQUENCE SET; Schema: public; Owner: exampleDBUserName
--

SELECT pg_catalog.setval('public.route_id_seq', 3, true);


--
-- Name: routes_stations_id_seq; Type: SEQUENCE SET; Schema: public; Owner: exampleDBUserName
--

SELECT pg_catalog.setval('public.routes_stations_id_seq', 19, true);


--
-- Name: sending_message_id_seq; Type: SEQUENCE SET; Schema: public; Owner: exampleDBUserName
--

SELECT pg_catalog.setval('public.sending_message_id_seq', 1, false);


--
-- Name: station_id_seq; Type: SEQUENCE SET; Schema: public; Owner: exampleDBUserName
--

SELECT pg_catalog.setval('public.station_id_seq', 19, true);


--
-- Name: stations_translations_id_seq; Type: SEQUENCE SET; Schema: public; Owner: exampleDBUserName
--

SELECT pg_catalog.setval('public.stations_translations_id_seq', 19, true);


--
-- Name: support_request_id_seq; Type: SEQUENCE SET; Schema: public; Owner: exampleDBUserName
--

SELECT pg_catalog.setval('public.support_request_id_seq', 1, false);


--
-- Name: ticket_id_seq; Type: SEQUENCE SET; Schema: public; Owner: exampleDBUserName
--

SELECT pg_catalog.setval('public.ticket_id_seq', 35, true);


--
-- Name: ticket_price_id_seq; Type: SEQUENCE SET; Schema: public; Owner: exampleDBUserName
--

SELECT pg_catalog.setval('public.ticket_price_id_seq', 55, true);


--
-- Name: ticket_type_id_seq; Type: SEQUENCE SET; Schema: public; Owner: exampleDBUserName
--

SELECT pg_catalog.setval('public.ticket_type_id_seq', 2, true);


--
-- Name: ticket_type_translations_id_seq; Type: SEQUENCE SET; Schema: public; Owner: exampleDBUserName
--

SELECT pg_catalog.setval('public.ticket_type_translations_id_seq', 2, true);


--
-- Name: town_id_seq; Type: SEQUENCE SET; Schema: public; Owner: exampleDBUserName
--

SELECT pg_catalog.setval('public.town_id_seq', 11, true);


--
-- Name: towns_translations_id_seq; Type: SEQUENCE SET; Schema: public; Owner: exampleDBUserName
--

SELECT pg_catalog.setval('public.towns_translations_id_seq', 11, true);


--
-- Name: user_end_station_history_id_seq; Type: SEQUENCE SET; Schema: public; Owner: exampleDBUserName
--

SELECT pg_catalog.setval('public.user_end_station_history_id_seq', 15, true);


--
-- Name: user_start_station_history_id_seq; Type: SEQUENCE SET; Schema: public; Owner: exampleDBUserName
--

SELECT pg_catalog.setval('public.user_start_station_history_id_seq', 13, true);


--
-- Name: app_bus_options app_bus_options_pkey; Type: CONSTRAINT; Schema: public; Owner: exampleDBUserName
--

ALTER TABLE ONLY public.app_bus_options
    ADD CONSTRAINT app_bus_options_pkey PRIMARY KEY (id);


--
-- Name: auth_group auth_group_name_key; Type: CONSTRAINT; Schema: public; Owner: exampleDBUserName
--

ALTER TABLE ONLY public.auth_group
    ADD CONSTRAINT auth_group_name_key UNIQUE (name);


--
-- Name: auth_group_permissions auth_group_permissions_group_id_permission_id_0cd325b0_uniq; Type: CONSTRAINT; Schema: public; Owner: exampleDBUserName
--

ALTER TABLE ONLY public.auth_group_permissions
    ADD CONSTRAINT auth_group_permissions_group_id_permission_id_0cd325b0_uniq UNIQUE (group_id, permission_id);


--
-- Name: auth_group_permissions auth_group_permissions_pkey; Type: CONSTRAINT; Schema: public; Owner: exampleDBUserName
--

ALTER TABLE ONLY public.auth_group_permissions
    ADD CONSTRAINT auth_group_permissions_pkey PRIMARY KEY (id);


--
-- Name: auth_group auth_group_pkey; Type: CONSTRAINT; Schema: public; Owner: exampleDBUserName
--

ALTER TABLE ONLY public.auth_group
    ADD CONSTRAINT auth_group_pkey PRIMARY KEY (id);


--
-- Name: auth_permission auth_permission_content_type_id_codename_01ab375a_uniq; Type: CONSTRAINT; Schema: public; Owner: exampleDBUserName
--

ALTER TABLE ONLY public.auth_permission
    ADD CONSTRAINT auth_permission_content_type_id_codename_01ab375a_uniq UNIQUE (content_type_id, codename);


--
-- Name: auth_permission auth_permission_pkey; Type: CONSTRAINT; Schema: public; Owner: exampleDBUserName
--

ALTER TABLE ONLY public.auth_permission
    ADD CONSTRAINT auth_permission_pkey PRIMARY KEY (id);


--
-- Name: auth_user_groups auth_user_groups_pkey; Type: CONSTRAINT; Schema: public; Owner: exampleDBUserName
--

ALTER TABLE ONLY public.auth_user_groups
    ADD CONSTRAINT auth_user_groups_pkey PRIMARY KEY (id);


--
-- Name: auth_user_groups auth_user_groups_user_id_group_id_94350c0c_uniq; Type: CONSTRAINT; Schema: public; Owner: exampleDBUserName
--

ALTER TABLE ONLY public.auth_user_groups
    ADD CONSTRAINT auth_user_groups_user_id_group_id_94350c0c_uniq UNIQUE (user_id, group_id);


--
-- Name: auth_user auth_user_pkey; Type: CONSTRAINT; Schema: public; Owner: exampleDBUserName
--

ALTER TABLE ONLY public.auth_user
    ADD CONSTRAINT auth_user_pkey PRIMARY KEY (id);


--
-- Name: auth_user_user_permissions auth_user_user_permissions_pkey; Type: CONSTRAINT; Schema: public; Owner: exampleDBUserName
--

ALTER TABLE ONLY public.auth_user_user_permissions
    ADD CONSTRAINT auth_user_user_permissions_pkey PRIMARY KEY (id);


--
-- Name: auth_user_user_permissions auth_user_user_permissions_user_id_permission_id_14a6b632_uniq; Type: CONSTRAINT; Schema: public; Owner: exampleDBUserName
--

ALTER TABLE ONLY public.auth_user_user_permissions
    ADD CONSTRAINT auth_user_user_permissions_user_id_permission_id_14a6b632_uniq UNIQUE (user_id, permission_id);


--
-- Name: auth_user auth_user_username_key; Type: CONSTRAINT; Schema: public; Owner: exampleDBUserName
--

ALTER TABLE ONLY public.auth_user
    ADD CONSTRAINT auth_user_username_key UNIQUE (username);


--
-- Name: bus bus_code_key; Type: CONSTRAINT; Schema: public; Owner: exampleDBUserName
--

ALTER TABLE ONLY public.bus
    ADD CONSTRAINT bus_code_key UNIQUE (code);


--
-- Name: bus_option_translations bus_option_translations_pkey; Type: CONSTRAINT; Schema: public; Owner: exampleDBUserName
--

ALTER TABLE ONLY public.bus_option_translations
    ADD CONSTRAINT bus_option_translations_pkey PRIMARY KEY (id);


--
-- Name: bus_options bus_options_bus_id_busoption_id_1a20572c_uniq; Type: CONSTRAINT; Schema: public; Owner: exampleDBUserName
--

ALTER TABLE ONLY public.bus_options
    ADD CONSTRAINT bus_options_bus_id_busoption_id_1a20572c_uniq UNIQUE (bus_id, busoption_id);


--
-- Name: bus_options bus_options_pkey; Type: CONSTRAINT; Schema: public; Owner: exampleDBUserName
--

ALTER TABLE ONLY public.bus_options
    ADD CONSTRAINT bus_options_pkey PRIMARY KEY (id);


--
-- Name: bus bus_pkey; Type: CONSTRAINT; Schema: public; Owner: exampleDBUserName
--

ALTER TABLE ONLY public.bus
    ADD CONSTRAINT bus_pkey PRIMARY KEY (id);


--
-- Name: bus_translations bus_translations_pkey; Type: CONSTRAINT; Schema: public; Owner: exampleDBUserName
--

ALTER TABLE ONLY public.bus_translations
    ADD CONSTRAINT bus_translations_pkey PRIMARY KEY (id);


--
-- Name: disallowed_way disallowed_way_pkey; Type: CONSTRAINT; Schema: public; Owner: exampleDBUserName
--

ALTER TABLE ONLY public.disallowed_way
    ADD CONSTRAINT disallowed_way_pkey PRIMARY KEY (id);


--
-- Name: django_admin_log django_admin_log_pkey; Type: CONSTRAINT; Schema: public; Owner: exampleDBUserName
--

ALTER TABLE ONLY public.django_admin_log
    ADD CONSTRAINT django_admin_log_pkey PRIMARY KEY (id);


--
-- Name: django_content_type django_content_type_app_label_model_76bd3d3b_uniq; Type: CONSTRAINT; Schema: public; Owner: exampleDBUserName
--

ALTER TABLE ONLY public.django_content_type
    ADD CONSTRAINT django_content_type_app_label_model_76bd3d3b_uniq UNIQUE (app_label, model);


--
-- Name: django_content_type django_content_type_pkey; Type: CONSTRAINT; Schema: public; Owner: exampleDBUserName
--

ALTER TABLE ONLY public.django_content_type
    ADD CONSTRAINT django_content_type_pkey PRIMARY KEY (id);


--
-- Name: django_migrations django_migrations_pkey; Type: CONSTRAINT; Schema: public; Owner: exampleDBUserName
--

ALTER TABLE ONLY public.django_migrations
    ADD CONSTRAINT django_migrations_pkey PRIMARY KEY (id);


--
-- Name: django_session django_session_pkey; Type: CONSTRAINT; Schema: public; Owner: exampleDBUserName
--

ALTER TABLE ONLY public.django_session
    ADD CONSTRAINT django_session_pkey PRIMARY KEY (session_key);


--
-- Name: driver driver_pkey; Type: CONSTRAINT; Schema: public; Owner: exampleDBUserName
--

ALTER TABLE ONLY public.driver
    ADD CONSTRAINT driver_pkey PRIMARY KEY (telegram_id);


--
-- Name: language language_pkey; Type: CONSTRAINT; Schema: public; Owner: exampleDBUserName
--

ALTER TABLE ONLY public.language
    ADD CONSTRAINT language_pkey PRIMARY KEY (id);


--
-- Name: operator_confirm_code operator_confirm_code_pkey; Type: CONSTRAINT; Schema: public; Owner: exampleDBUserName
--

ALTER TABLE ONLY public.operator_confirm_code
    ADD CONSTRAINT operator_confirm_code_pkey PRIMARY KEY (uuid);


--
-- Name: operator operator_pkey; Type: CONSTRAINT; Schema: public; Owner: exampleDBUserName
--

ALTER TABLE ONLY public.operator
    ADD CONSTRAINT operator_pkey PRIMARY KEY (telegram_id);


--
-- Name: package package_pkey; Type: CONSTRAINT; Schema: public; Owner: exampleDBUserName
--

ALTER TABLE ONLY public.package
    ADD CONSTRAINT package_pkey PRIMARY KEY (id);


--
-- Name: persons persons_pkey; Type: CONSTRAINT; Schema: public; Owner: exampleDBUserName
--

ALTER TABLE ONLY public.persons
    ADD CONSTRAINT persons_pkey PRIMARY KEY (id);


--
-- Name: route route_code_key; Type: CONSTRAINT; Schema: public; Owner: exampleDBUserName
--

ALTER TABLE ONLY public.route
    ADD CONSTRAINT route_code_key UNIQUE (code);


--
-- Name: route route_pkey; Type: CONSTRAINT; Schema: public; Owner: exampleDBUserName
--

ALTER TABLE ONLY public.route
    ADD CONSTRAINT route_pkey PRIMARY KEY (id);


--
-- Name: routes_stations routes_stations_pkey; Type: CONSTRAINT; Schema: public; Owner: exampleDBUserName
--

ALTER TABLE ONLY public.routes_stations
    ADD CONSTRAINT routes_stations_pkey PRIMARY KEY (id);


--
-- Name: sending_message sending_message_pkey; Type: CONSTRAINT; Schema: public; Owner: exampleDBUserName
--

ALTER TABLE ONLY public.sending_message
    ADD CONSTRAINT sending_message_pkey PRIMARY KEY (id);


--
-- Name: station station_code_key; Type: CONSTRAINT; Schema: public; Owner: exampleDBUserName
--

ALTER TABLE ONLY public.station
    ADD CONSTRAINT station_code_key UNIQUE (code);


--
-- Name: station station_pkey; Type: CONSTRAINT; Schema: public; Owner: exampleDBUserName
--

ALTER TABLE ONLY public.station
    ADD CONSTRAINT station_pkey PRIMARY KEY (id);


--
-- Name: stations_translations stations_translations_pkey; Type: CONSTRAINT; Schema: public; Owner: exampleDBUserName
--

ALTER TABLE ONLY public.stations_translations
    ADD CONSTRAINT stations_translations_pkey PRIMARY KEY (id);


--
-- Name: support_request support_request_pkey; Type: CONSTRAINT; Schema: public; Owner: exampleDBUserName
--

ALTER TABLE ONLY public.support_request
    ADD CONSTRAINT support_request_pkey PRIMARY KEY (id);


--
-- Name: telegram_user telegram_user_pkey; Type: CONSTRAINT; Schema: public; Owner: exampleDBUserName
--

ALTER TABLE ONLY public.telegram_user
    ADD CONSTRAINT telegram_user_pkey PRIMARY KEY (id);


--
-- Name: ticket ticket_pkey; Type: CONSTRAINT; Schema: public; Owner: exampleDBUserName
--

ALTER TABLE ONLY public.ticket
    ADD CONSTRAINT ticket_pkey PRIMARY KEY (id);


--
-- Name: ticket_price ticket_price_pkey; Type: CONSTRAINT; Schema: public; Owner: exampleDBUserName
--

ALTER TABLE ONLY public.ticket_price
    ADD CONSTRAINT ticket_price_pkey PRIMARY KEY (id);


--
-- Name: ticket_type ticket_type_pkey; Type: CONSTRAINT; Schema: public; Owner: exampleDBUserName
--

ALTER TABLE ONLY public.ticket_type
    ADD CONSTRAINT ticket_type_pkey PRIMARY KEY (id);


--
-- Name: ticket_type_translations ticket_type_translations_pkey; Type: CONSTRAINT; Schema: public; Owner: exampleDBUserName
--

ALTER TABLE ONLY public.ticket_type_translations
    ADD CONSTRAINT ticket_type_translations_pkey PRIMARY KEY (id);


--
-- Name: town town_name_key; Type: CONSTRAINT; Schema: public; Owner: exampleDBUserName
--

ALTER TABLE ONLY public.town
    ADD CONSTRAINT town_name_key UNIQUE (name);


--
-- Name: town town_pkey; Type: CONSTRAINT; Schema: public; Owner: exampleDBUserName
--

ALTER TABLE ONLY public.town
    ADD CONSTRAINT town_pkey PRIMARY KEY (id);


--
-- Name: towns_translations towns_translations_pkey; Type: CONSTRAINT; Schema: public; Owner: exampleDBUserName
--

ALTER TABLE ONLY public.towns_translations
    ADD CONSTRAINT towns_translations_pkey PRIMARY KEY (id);


--
-- Name: user_end_station_history user_end_station_history_pkey; Type: CONSTRAINT; Schema: public; Owner: exampleDBUserName
--

ALTER TABLE ONLY public.user_end_station_history
    ADD CONSTRAINT user_end_station_history_pkey PRIMARY KEY (id);


--
-- Name: user_start_station_history user_start_station_history_pkey; Type: CONSTRAINT; Schema: public; Owner: exampleDBUserName
--

ALTER TABLE ONLY public.user_start_station_history
    ADD CONSTRAINT user_start_station_history_pkey PRIMARY KEY (id);


--
-- Name: auth_group_name_a6ea08ec_like; Type: INDEX; Schema: public; Owner: exampleDBUserName
--

CREATE INDEX auth_group_name_a6ea08ec_like ON public.auth_group USING btree (name varchar_pattern_ops);


--
-- Name: auth_group_permissions_group_id_b120cbf9; Type: INDEX; Schema: public; Owner: exampleDBUserName
--

CREATE INDEX auth_group_permissions_group_id_b120cbf9 ON public.auth_group_permissions USING btree (group_id);


--
-- Name: auth_group_permissions_permission_id_84c5c92e; Type: INDEX; Schema: public; Owner: exampleDBUserName
--

CREATE INDEX auth_group_permissions_permission_id_84c5c92e ON public.auth_group_permissions USING btree (permission_id);


--
-- Name: auth_permission_content_type_id_2f476e4b; Type: INDEX; Schema: public; Owner: exampleDBUserName
--

CREATE INDEX auth_permission_content_type_id_2f476e4b ON public.auth_permission USING btree (content_type_id);


--
-- Name: auth_user_groups_group_id_97559544; Type: INDEX; Schema: public; Owner: exampleDBUserName
--

CREATE INDEX auth_user_groups_group_id_97559544 ON public.auth_user_groups USING btree (group_id);


--
-- Name: auth_user_groups_user_id_6a12ed8b; Type: INDEX; Schema: public; Owner: exampleDBUserName
--

CREATE INDEX auth_user_groups_user_id_6a12ed8b ON public.auth_user_groups USING btree (user_id);


--
-- Name: auth_user_user_permissions_permission_id_1fbb5f2c; Type: INDEX; Schema: public; Owner: exampleDBUserName
--

CREATE INDEX auth_user_user_permissions_permission_id_1fbb5f2c ON public.auth_user_user_permissions USING btree (permission_id);


--
-- Name: auth_user_user_permissions_user_id_a95ead1b; Type: INDEX; Schema: public; Owner: exampleDBUserName
--

CREATE INDEX auth_user_user_permissions_user_id_a95ead1b ON public.auth_user_user_permissions USING btree (user_id);


--
-- Name: auth_user_username_6821ab7c_like; Type: INDEX; Schema: public; Owner: exampleDBUserName
--

CREATE INDEX auth_user_username_6821ab7c_like ON public.auth_user USING btree (username varchar_pattern_ops);


--
-- Name: bus_code_fe798b3e_like; Type: INDEX; Schema: public; Owner: exampleDBUserName
--

CREATE INDEX bus_code_fe798b3e_like ON public.bus USING btree (code varchar_pattern_ops);


--
-- Name: bus_option_translations_bus_option_id_bc95c6e2; Type: INDEX; Schema: public; Owner: exampleDBUserName
--

CREATE INDEX bus_option_translations_bus_option_id_bc95c6e2 ON public.bus_option_translations USING btree (bus_option_id);


--
-- Name: bus_option_translations_language_id_d85d3e72; Type: INDEX; Schema: public; Owner: exampleDBUserName
--

CREATE INDEX bus_option_translations_language_id_d85d3e72 ON public.bus_option_translations USING btree (language_id);


--
-- Name: bus_options_bus_id_82cd0c14; Type: INDEX; Schema: public; Owner: exampleDBUserName
--

CREATE INDEX bus_options_bus_id_82cd0c14 ON public.bus_options USING btree (bus_id);


--
-- Name: bus_options_busoption_id_14c44ba0; Type: INDEX; Schema: public; Owner: exampleDBUserName
--

CREATE INDEX bus_options_busoption_id_14c44ba0 ON public.bus_options USING btree (busoption_id);


--
-- Name: bus_translations_bus_id_1022c7f9; Type: INDEX; Schema: public; Owner: exampleDBUserName
--

CREATE INDEX bus_translations_bus_id_1022c7f9 ON public.bus_translations USING btree (bus_id);


--
-- Name: bus_translations_language_id_1f338d59; Type: INDEX; Schema: public; Owner: exampleDBUserName
--

CREATE INDEX bus_translations_language_id_1f338d59 ON public.bus_translations USING btree (language_id);


--
-- Name: disallowed_way_from_station_id_a50ce722; Type: INDEX; Schema: public; Owner: exampleDBUserName
--

CREATE INDEX disallowed_way_from_station_id_a50ce722 ON public.disallowed_way USING btree (from_station_id);


--
-- Name: disallowed_way_route_id_c82f4d70; Type: INDEX; Schema: public; Owner: exampleDBUserName
--

CREATE INDEX disallowed_way_route_id_c82f4d70 ON public.disallowed_way USING btree (route_id);


--
-- Name: disallowed_way_to_station_id_442d3e7e; Type: INDEX; Schema: public; Owner: exampleDBUserName
--

CREATE INDEX disallowed_way_to_station_id_442d3e7e ON public.disallowed_way USING btree (to_station_id);


--
-- Name: django_admin_log_content_type_id_c4bce8eb; Type: INDEX; Schema: public; Owner: exampleDBUserName
--

CREATE INDEX django_admin_log_content_type_id_c4bce8eb ON public.django_admin_log USING btree (content_type_id);


--
-- Name: django_admin_log_user_id_c564eba6; Type: INDEX; Schema: public; Owner: exampleDBUserName
--

CREATE INDEX django_admin_log_user_id_c564eba6 ON public.django_admin_log USING btree (user_id);


--
-- Name: django_session_expire_date_a5c62663; Type: INDEX; Schema: public; Owner: exampleDBUserName
--

CREATE INDEX django_session_expire_date_a5c62663 ON public.django_session USING btree (expire_date);


--
-- Name: django_session_session_key_c0390e0f_like; Type: INDEX; Schema: public; Owner: exampleDBUserName
--

CREATE INDEX django_session_session_key_c0390e0f_like ON public.django_session USING btree (session_key varchar_pattern_ops);


--
-- Name: package_end_station_id_9728cbc2; Type: INDEX; Schema: public; Owner: exampleDBUserName
--

CREATE INDEX package_end_station_id_9728cbc2 ON public.package USING btree (end_station_id);


--
-- Name: package_owner_id_8a612c6e; Type: INDEX; Schema: public; Owner: exampleDBUserName
--

CREATE INDEX package_owner_id_8a612c6e ON public.package USING btree (owner_id);


--
-- Name: package_receiver_id_466223cb; Type: INDEX; Schema: public; Owner: exampleDBUserName
--

CREATE INDEX package_receiver_id_466223cb ON public.package USING btree (receiver_id);


--
-- Name: package_route_id_ae5ef49a; Type: INDEX; Schema: public; Owner: exampleDBUserName
--

CREATE INDEX package_route_id_ae5ef49a ON public.package USING btree (route_id);


--
-- Name: package_sender_id_f68bb3de; Type: INDEX; Schema: public; Owner: exampleDBUserName
--

CREATE INDEX package_sender_id_f68bb3de ON public.package USING btree (sender_id);


--
-- Name: package_start_station_id_82704f07; Type: INDEX; Schema: public; Owner: exampleDBUserName
--

CREATE INDEX package_start_station_id_82704f07 ON public.package USING btree (start_station_id);


--
-- Name: persons_telegram_user_id_0e402aa2; Type: INDEX; Schema: public; Owner: exampleDBUserName
--

CREATE INDEX persons_telegram_user_id_0e402aa2 ON public.persons USING btree (telegram_user_id);


--
-- Name: route_bus_id_266734a6; Type: INDEX; Schema: public; Owner: exampleDBUserName
--

CREATE INDEX route_bus_id_266734a6 ON public.route USING btree (bus_id);


--
-- Name: route_code_5ef354e3_like; Type: INDEX; Schema: public; Owner: exampleDBUserName
--

CREATE INDEX route_code_5ef354e3_like ON public.route USING btree (code varchar_pattern_ops);


--
-- Name: route_driver_id_f4ed3f70; Type: INDEX; Schema: public; Owner: exampleDBUserName
--

CREATE INDEX route_driver_id_f4ed3f70 ON public.route USING btree (driver_id);


--
-- Name: route_end_station_id_58f5c804; Type: INDEX; Schema: public; Owner: exampleDBUserName
--

CREATE INDEX route_end_station_id_58f5c804 ON public.route USING btree (end_station_id);


--
-- Name: route_start_station_id_a8ca4162; Type: INDEX; Schema: public; Owner: exampleDBUserName
--

CREATE INDEX route_start_station_id_a8ca4162 ON public.route USING btree (start_station_id);


--
-- Name: routes_stations_route_id_1b3f1991; Type: INDEX; Schema: public; Owner: exampleDBUserName
--

CREATE INDEX routes_stations_route_id_1b3f1991 ON public.routes_stations USING btree (route_id);


--
-- Name: routes_stations_station_id_c1780cb4; Type: INDEX; Schema: public; Owner: exampleDBUserName
--

CREATE INDEX routes_stations_station_id_c1780cb4 ON public.routes_stations USING btree (station_id);


--
-- Name: station_code_8fb2e540_like; Type: INDEX; Schema: public; Owner: exampleDBUserName
--

CREATE INDEX station_code_8fb2e540_like ON public.station USING btree (code varchar_pattern_ops);


--
-- Name: station_town_id_2cad11d0; Type: INDEX; Schema: public; Owner: exampleDBUserName
--

CREATE INDEX station_town_id_2cad11d0 ON public.station USING btree (town_id);


--
-- Name: stations_translations_language_id_88c08abe; Type: INDEX; Schema: public; Owner: exampleDBUserName
--

CREATE INDEX stations_translations_language_id_88c08abe ON public.stations_translations USING btree (language_id);


--
-- Name: stations_translations_station_id_a66063ab; Type: INDEX; Schema: public; Owner: exampleDBUserName
--

CREATE INDEX stations_translations_station_id_a66063ab ON public.stations_translations USING btree (station_id);


--
-- Name: support_request_user_id_c90a3ee5; Type: INDEX; Schema: public; Owner: exampleDBUserName
--

CREATE INDEX support_request_user_id_c90a3ee5 ON public.support_request USING btree (user_id);


--
-- Name: telegram_user_language_id_3b410c70; Type: INDEX; Schema: public; Owner: exampleDBUserName
--

CREATE INDEX telegram_user_language_id_3b410c70 ON public.telegram_user USING btree (language_id);


--
-- Name: ticket_end_station_id_f1cebff7; Type: INDEX; Schema: public; Owner: exampleDBUserName
--

CREATE INDEX ticket_end_station_id_f1cebff7 ON public.ticket USING btree (end_station_id);


--
-- Name: ticket_owner_id_44f72670; Type: INDEX; Schema: public; Owner: exampleDBUserName
--

CREATE INDEX ticket_owner_id_44f72670 ON public.ticket USING btree (owner_id);


--
-- Name: ticket_passenger_id_cae805fb; Type: INDEX; Schema: public; Owner: exampleDBUserName
--

CREATE INDEX ticket_passenger_id_cae805fb ON public.ticket USING btree (passenger_id);


--
-- Name: ticket_price_from_station_id_9577ba7e; Type: INDEX; Schema: public; Owner: exampleDBUserName
--

CREATE INDEX ticket_price_from_station_id_9577ba7e ON public.ticket_price USING btree (from_station_id);


--
-- Name: ticket_price_route_id_4e9f8277; Type: INDEX; Schema: public; Owner: exampleDBUserName
--

CREATE INDEX ticket_price_route_id_4e9f8277 ON public.ticket_price USING btree (route_id);


--
-- Name: ticket_price_to_station_id_f49f63a2; Type: INDEX; Schema: public; Owner: exampleDBUserName
--

CREATE INDEX ticket_price_to_station_id_f49f63a2 ON public.ticket_price USING btree (to_station_id);


--
-- Name: ticket_route_id_b8b0ed5d; Type: INDEX; Schema: public; Owner: exampleDBUserName
--

CREATE INDEX ticket_route_id_b8b0ed5d ON public.ticket USING btree (route_id);


--
-- Name: ticket_start_station_id_754d3f14; Type: INDEX; Schema: public; Owner: exampleDBUserName
--

CREATE INDEX ticket_start_station_id_754d3f14 ON public.ticket USING btree (start_station_id);


--
-- Name: ticket_type_id_005312a3; Type: INDEX; Schema: public; Owner: exampleDBUserName
--

CREATE INDEX ticket_type_id_005312a3 ON public.ticket USING btree (type_id);


--
-- Name: ticket_type_translations_language_id_495ea839; Type: INDEX; Schema: public; Owner: exampleDBUserName
--

CREATE INDEX ticket_type_translations_language_id_495ea839 ON public.ticket_type_translations USING btree (language_id);


--
-- Name: ticket_type_translations_ticket_type_id_daf215da; Type: INDEX; Schema: public; Owner: exampleDBUserName
--

CREATE INDEX ticket_type_translations_ticket_type_id_daf215da ON public.ticket_type_translations USING btree (ticket_type_id);


--
-- Name: town_name_29ba401c_like; Type: INDEX; Schema: public; Owner: exampleDBUserName
--

CREATE INDEX town_name_29ba401c_like ON public.town USING btree (name varchar_pattern_ops);


--
-- Name: towns_translations_language_id_df5d7934; Type: INDEX; Schema: public; Owner: exampleDBUserName
--

CREATE INDEX towns_translations_language_id_df5d7934 ON public.towns_translations USING btree (language_id);


--
-- Name: towns_translations_town_id_d1a5eafc; Type: INDEX; Schema: public; Owner: exampleDBUserName
--

CREATE INDEX towns_translations_town_id_d1a5eafc ON public.towns_translations USING btree (town_id);


--
-- Name: user_end_station_history_station_id_97814797; Type: INDEX; Schema: public; Owner: exampleDBUserName
--

CREATE INDEX user_end_station_history_station_id_97814797 ON public.user_end_station_history USING btree (station_id);


--
-- Name: user_end_station_history_user_id_442e7aff; Type: INDEX; Schema: public; Owner: exampleDBUserName
--

CREATE INDEX user_end_station_history_user_id_442e7aff ON public.user_end_station_history USING btree (user_id);


--
-- Name: user_start_station_history_station_id_bc61dfb0; Type: INDEX; Schema: public; Owner: exampleDBUserName
--

CREATE INDEX user_start_station_history_station_id_bc61dfb0 ON public.user_start_station_history USING btree (station_id);


--
-- Name: user_start_station_history_user_id_c750c331; Type: INDEX; Schema: public; Owner: exampleDBUserName
--

CREATE INDEX user_start_station_history_user_id_c750c331 ON public.user_start_station_history USING btree (user_id);


--
-- Name: auth_group_permissions auth_group_permissio_permission_id_84c5c92e_fk_auth_perm; Type: FK CONSTRAINT; Schema: public; Owner: exampleDBUserName
--

ALTER TABLE ONLY public.auth_group_permissions
    ADD CONSTRAINT auth_group_permissio_permission_id_84c5c92e_fk_auth_perm FOREIGN KEY (permission_id) REFERENCES public.auth_permission(id) DEFERRABLE INITIALLY DEFERRED;


--
-- Name: auth_group_permissions auth_group_permissions_group_id_b120cbf9_fk_auth_group_id; Type: FK CONSTRAINT; Schema: public; Owner: exampleDBUserName
--

ALTER TABLE ONLY public.auth_group_permissions
    ADD CONSTRAINT auth_group_permissions_group_id_b120cbf9_fk_auth_group_id FOREIGN KEY (group_id) REFERENCES public.auth_group(id) DEFERRABLE INITIALLY DEFERRED;


--
-- Name: auth_permission auth_permission_content_type_id_2f476e4b_fk_django_co; Type: FK CONSTRAINT; Schema: public; Owner: exampleDBUserName
--

ALTER TABLE ONLY public.auth_permission
    ADD CONSTRAINT auth_permission_content_type_id_2f476e4b_fk_django_co FOREIGN KEY (content_type_id) REFERENCES public.django_content_type(id) DEFERRABLE INITIALLY DEFERRED;


--
-- Name: auth_user_groups auth_user_groups_group_id_97559544_fk_auth_group_id; Type: FK CONSTRAINT; Schema: public; Owner: exampleDBUserName
--

ALTER TABLE ONLY public.auth_user_groups
    ADD CONSTRAINT auth_user_groups_group_id_97559544_fk_auth_group_id FOREIGN KEY (group_id) REFERENCES public.auth_group(id) DEFERRABLE INITIALLY DEFERRED;


--
-- Name: auth_user_groups auth_user_groups_user_id_6a12ed8b_fk_auth_user_id; Type: FK CONSTRAINT; Schema: public; Owner: exampleDBUserName
--

ALTER TABLE ONLY public.auth_user_groups
    ADD CONSTRAINT auth_user_groups_user_id_6a12ed8b_fk_auth_user_id FOREIGN KEY (user_id) REFERENCES public.auth_user(id) DEFERRABLE INITIALLY DEFERRED;


--
-- Name: auth_user_user_permissions auth_user_user_permi_permission_id_1fbb5f2c_fk_auth_perm; Type: FK CONSTRAINT; Schema: public; Owner: exampleDBUserName
--

ALTER TABLE ONLY public.auth_user_user_permissions
    ADD CONSTRAINT auth_user_user_permi_permission_id_1fbb5f2c_fk_auth_perm FOREIGN KEY (permission_id) REFERENCES public.auth_permission(id) DEFERRABLE INITIALLY DEFERRED;


--
-- Name: auth_user_user_permissions auth_user_user_permissions_user_id_a95ead1b_fk_auth_user_id; Type: FK CONSTRAINT; Schema: public; Owner: exampleDBUserName
--

ALTER TABLE ONLY public.auth_user_user_permissions
    ADD CONSTRAINT auth_user_user_permissions_user_id_a95ead1b_fk_auth_user_id FOREIGN KEY (user_id) REFERENCES public.auth_user(id) DEFERRABLE INITIALLY DEFERRED;


--
-- Name: bus_option_translations bus_option_translati_bus_option_id_bc95c6e2_fk_app_bus_o; Type: FK CONSTRAINT; Schema: public; Owner: exampleDBUserName
--

ALTER TABLE ONLY public.bus_option_translations
    ADD CONSTRAINT bus_option_translati_bus_option_id_bc95c6e2_fk_app_bus_o FOREIGN KEY (bus_option_id) REFERENCES public.app_bus_options(id) DEFERRABLE INITIALLY DEFERRED;


--
-- Name: bus_option_translations bus_option_translations_language_id_d85d3e72_fk_language_id; Type: FK CONSTRAINT; Schema: public; Owner: exampleDBUserName
--

ALTER TABLE ONLY public.bus_option_translations
    ADD CONSTRAINT bus_option_translations_language_id_d85d3e72_fk_language_id FOREIGN KEY (language_id) REFERENCES public.language(id) DEFERRABLE INITIALLY DEFERRED;


--
-- Name: bus_options bus_options_bus_id_82cd0c14_fk_bus_id; Type: FK CONSTRAINT; Schema: public; Owner: exampleDBUserName
--

ALTER TABLE ONLY public.bus_options
    ADD CONSTRAINT bus_options_bus_id_82cd0c14_fk_bus_id FOREIGN KEY (bus_id) REFERENCES public.bus(id) DEFERRABLE INITIALLY DEFERRED;


--
-- Name: bus_options bus_options_busoption_id_14c44ba0_fk_app_bus_options_id; Type: FK CONSTRAINT; Schema: public; Owner: exampleDBUserName
--

ALTER TABLE ONLY public.bus_options
    ADD CONSTRAINT bus_options_busoption_id_14c44ba0_fk_app_bus_options_id FOREIGN KEY (busoption_id) REFERENCES public.app_bus_options(id) DEFERRABLE INITIALLY DEFERRED;


--
-- Name: bus_translations bus_translations_bus_id_1022c7f9_fk_bus_id; Type: FK CONSTRAINT; Schema: public; Owner: exampleDBUserName
--

ALTER TABLE ONLY public.bus_translations
    ADD CONSTRAINT bus_translations_bus_id_1022c7f9_fk_bus_id FOREIGN KEY (bus_id) REFERENCES public.bus(id) DEFERRABLE INITIALLY DEFERRED;


--
-- Name: bus_translations bus_translations_language_id_1f338d59_fk_language_id; Type: FK CONSTRAINT; Schema: public; Owner: exampleDBUserName
--

ALTER TABLE ONLY public.bus_translations
    ADD CONSTRAINT bus_translations_language_id_1f338d59_fk_language_id FOREIGN KEY (language_id) REFERENCES public.language(id) DEFERRABLE INITIALLY DEFERRED;


--
-- Name: disallowed_way disallowed_way_from_station_id_a50ce722_fk_station_id; Type: FK CONSTRAINT; Schema: public; Owner: exampleDBUserName
--

ALTER TABLE ONLY public.disallowed_way
    ADD CONSTRAINT disallowed_way_from_station_id_a50ce722_fk_station_id FOREIGN KEY (from_station_id) REFERENCES public.station(id) DEFERRABLE INITIALLY DEFERRED;


--
-- Name: disallowed_way disallowed_way_route_id_c82f4d70_fk_route_id; Type: FK CONSTRAINT; Schema: public; Owner: exampleDBUserName
--

ALTER TABLE ONLY public.disallowed_way
    ADD CONSTRAINT disallowed_way_route_id_c82f4d70_fk_route_id FOREIGN KEY (route_id) REFERENCES public.route(id) DEFERRABLE INITIALLY DEFERRED;


--
-- Name: disallowed_way disallowed_way_to_station_id_442d3e7e_fk_station_id; Type: FK CONSTRAINT; Schema: public; Owner: exampleDBUserName
--

ALTER TABLE ONLY public.disallowed_way
    ADD CONSTRAINT disallowed_way_to_station_id_442d3e7e_fk_station_id FOREIGN KEY (to_station_id) REFERENCES public.station(id) DEFERRABLE INITIALLY DEFERRED;


--
-- Name: django_admin_log django_admin_log_content_type_id_c4bce8eb_fk_django_co; Type: FK CONSTRAINT; Schema: public; Owner: exampleDBUserName
--

ALTER TABLE ONLY public.django_admin_log
    ADD CONSTRAINT django_admin_log_content_type_id_c4bce8eb_fk_django_co FOREIGN KEY (content_type_id) REFERENCES public.django_content_type(id) DEFERRABLE INITIALLY DEFERRED;


--
-- Name: django_admin_log django_admin_log_user_id_c564eba6_fk_auth_user_id; Type: FK CONSTRAINT; Schema: public; Owner: exampleDBUserName
--

ALTER TABLE ONLY public.django_admin_log
    ADD CONSTRAINT django_admin_log_user_id_c564eba6_fk_auth_user_id FOREIGN KEY (user_id) REFERENCES public.auth_user(id) DEFERRABLE INITIALLY DEFERRED;


--
-- Name: package package_end_station_id_9728cbc2_fk_station_id; Type: FK CONSTRAINT; Schema: public; Owner: exampleDBUserName
--

ALTER TABLE ONLY public.package
    ADD CONSTRAINT package_end_station_id_9728cbc2_fk_station_id FOREIGN KEY (end_station_id) REFERENCES public.station(id) DEFERRABLE INITIALLY DEFERRED;


--
-- Name: package package_owner_id_8a612c6e_fk_telegram_user_telegram_id; Type: FK CONSTRAINT; Schema: public; Owner: exampleDBUserName
--

ALTER TABLE ONLY public.package
    ADD CONSTRAINT package_owner_id_8a612c6e_fk_telegram_user_telegram_id FOREIGN KEY (owner_id) REFERENCES public.telegram_user(telegram_id) DEFERRABLE INITIALLY DEFERRED;


--
-- Name: package package_receiver_id_466223cb_fk_persons_id; Type: FK CONSTRAINT; Schema: public; Owner: exampleDBUserName
--

ALTER TABLE ONLY public.package
    ADD CONSTRAINT package_receiver_id_466223cb_fk_persons_id FOREIGN KEY (receiver_id) REFERENCES public.persons(id) DEFERRABLE INITIALLY DEFERRED;


--
-- Name: package package_route_id_ae5ef49a_fk_route_id; Type: FK CONSTRAINT; Schema: public; Owner: exampleDBUserName
--

ALTER TABLE ONLY public.package
    ADD CONSTRAINT package_route_id_ae5ef49a_fk_route_id FOREIGN KEY (route_id) REFERENCES public.route(id) DEFERRABLE INITIALLY DEFERRED;


--
-- Name: package package_sender_id_f68bb3de_fk_persons_id; Type: FK CONSTRAINT; Schema: public; Owner: exampleDBUserName
--

ALTER TABLE ONLY public.package
    ADD CONSTRAINT package_sender_id_f68bb3de_fk_persons_id FOREIGN KEY (sender_id) REFERENCES public.persons(id) DEFERRABLE INITIALLY DEFERRED;


--
-- Name: package package_start_station_id_82704f07_fk_station_id; Type: FK CONSTRAINT; Schema: public; Owner: exampleDBUserName
--

ALTER TABLE ONLY public.package
    ADD CONSTRAINT package_start_station_id_82704f07_fk_station_id FOREIGN KEY (start_station_id) REFERENCES public.station(id) DEFERRABLE INITIALLY DEFERRED;


--
-- Name: persons persons_telegram_user_id_0e402aa2_fk_telegram_user_telegram_id; Type: FK CONSTRAINT; Schema: public; Owner: exampleDBUserName
--

ALTER TABLE ONLY public.persons
    ADD CONSTRAINT persons_telegram_user_id_0e402aa2_fk_telegram_user_telegram_id FOREIGN KEY (telegram_user_id) REFERENCES public.telegram_user(telegram_id) DEFERRABLE INITIALLY DEFERRED;


--
-- Name: route route_bus_id_266734a6_fk_bus_id; Type: FK CONSTRAINT; Schema: public; Owner: exampleDBUserName
--

ALTER TABLE ONLY public.route
    ADD CONSTRAINT route_bus_id_266734a6_fk_bus_id FOREIGN KEY (bus_id) REFERENCES public.bus(id) DEFERRABLE INITIALLY DEFERRED;


--
-- Name: route route_driver_id_f4ed3f70_fk_driver_telegram_id; Type: FK CONSTRAINT; Schema: public; Owner: exampleDBUserName
--

ALTER TABLE ONLY public.route
    ADD CONSTRAINT route_driver_id_f4ed3f70_fk_driver_telegram_id FOREIGN KEY (driver_id) REFERENCES public.driver(telegram_id) DEFERRABLE INITIALLY DEFERRED;


--
-- Name: route route_end_station_id_58f5c804_fk_station_id; Type: FK CONSTRAINT; Schema: public; Owner: exampleDBUserName
--

ALTER TABLE ONLY public.route
    ADD CONSTRAINT route_end_station_id_58f5c804_fk_station_id FOREIGN KEY (end_station_id) REFERENCES public.station(id) DEFERRABLE INITIALLY DEFERRED;


--
-- Name: route route_start_station_id_a8ca4162_fk_station_id; Type: FK CONSTRAINT; Schema: public; Owner: exampleDBUserName
--

ALTER TABLE ONLY public.route
    ADD CONSTRAINT route_start_station_id_a8ca4162_fk_station_id FOREIGN KEY (start_station_id) REFERENCES public.station(id) DEFERRABLE INITIALLY DEFERRED;


--
-- Name: routes_stations routes_stations_route_id_1b3f1991_fk_route_id; Type: FK CONSTRAINT; Schema: public; Owner: exampleDBUserName
--

ALTER TABLE ONLY public.routes_stations
    ADD CONSTRAINT routes_stations_route_id_1b3f1991_fk_route_id FOREIGN KEY (route_id) REFERENCES public.route(id) DEFERRABLE INITIALLY DEFERRED;


--
-- Name: routes_stations routes_stations_station_id_c1780cb4_fk_station_id; Type: FK CONSTRAINT; Schema: public; Owner: exampleDBUserName
--

ALTER TABLE ONLY public.routes_stations
    ADD CONSTRAINT routes_stations_station_id_c1780cb4_fk_station_id FOREIGN KEY (station_id) REFERENCES public.station(id) DEFERRABLE INITIALLY DEFERRED;


--
-- Name: station station_town_id_2cad11d0_fk_town_id; Type: FK CONSTRAINT; Schema: public; Owner: exampleDBUserName
--

ALTER TABLE ONLY public.station
    ADD CONSTRAINT station_town_id_2cad11d0_fk_town_id FOREIGN KEY (town_id) REFERENCES public.town(id) DEFERRABLE INITIALLY DEFERRED;


--
-- Name: stations_translations stations_translations_language_id_88c08abe_fk_language_id; Type: FK CONSTRAINT; Schema: public; Owner: exampleDBUserName
--

ALTER TABLE ONLY public.stations_translations
    ADD CONSTRAINT stations_translations_language_id_88c08abe_fk_language_id FOREIGN KEY (language_id) REFERENCES public.language(id) DEFERRABLE INITIALLY DEFERRED;


--
-- Name: stations_translations stations_translations_station_id_a66063ab_fk_station_id; Type: FK CONSTRAINT; Schema: public; Owner: exampleDBUserName
--

ALTER TABLE ONLY public.stations_translations
    ADD CONSTRAINT stations_translations_station_id_a66063ab_fk_station_id FOREIGN KEY (station_id) REFERENCES public.station(id) DEFERRABLE INITIALLY DEFERRED;


--
-- Name: support_request support_request_user_id_c90a3ee5_fk_telegram_user_telegram_id; Type: FK CONSTRAINT; Schema: public; Owner: exampleDBUserName
--

ALTER TABLE ONLY public.support_request
    ADD CONSTRAINT support_request_user_id_c90a3ee5_fk_telegram_user_telegram_id FOREIGN KEY (user_id) REFERENCES public.telegram_user(telegram_id) DEFERRABLE INITIALLY DEFERRED;


--
-- Name: telegram_user telegram_user_language_id_3b410c70_fk_language_id; Type: FK CONSTRAINT; Schema: public; Owner: exampleDBUserName
--

ALTER TABLE ONLY public.telegram_user
    ADD CONSTRAINT telegram_user_language_id_3b410c70_fk_language_id FOREIGN KEY (language_id) REFERENCES public.language(id) DEFERRABLE INITIALLY DEFERRED;


--
-- Name: ticket ticket_end_station_id_f1cebff7_fk_station_id; Type: FK CONSTRAINT; Schema: public; Owner: exampleDBUserName
--

ALTER TABLE ONLY public.ticket
    ADD CONSTRAINT ticket_end_station_id_f1cebff7_fk_station_id FOREIGN KEY (end_station_id) REFERENCES public.station(id) DEFERRABLE INITIALLY DEFERRED;


--
-- Name: ticket ticket_owner_id_44f72670_fk_telegram_user_telegram_id; Type: FK CONSTRAINT; Schema: public; Owner: exampleDBUserName
--

ALTER TABLE ONLY public.ticket
    ADD CONSTRAINT ticket_owner_id_44f72670_fk_telegram_user_telegram_id FOREIGN KEY (owner_id) REFERENCES public.telegram_user(telegram_id) DEFERRABLE INITIALLY DEFERRED;


--
-- Name: ticket ticket_passenger_id_cae805fb_fk_persons_id; Type: FK CONSTRAINT; Schema: public; Owner: exampleDBUserName
--

ALTER TABLE ONLY public.ticket
    ADD CONSTRAINT ticket_passenger_id_cae805fb_fk_persons_id FOREIGN KEY (passenger_id) REFERENCES public.persons(id) DEFERRABLE INITIALLY DEFERRED;


--
-- Name: ticket_price ticket_price_from_station_id_9577ba7e_fk_station_id; Type: FK CONSTRAINT; Schema: public; Owner: exampleDBUserName
--

ALTER TABLE ONLY public.ticket_price
    ADD CONSTRAINT ticket_price_from_station_id_9577ba7e_fk_station_id FOREIGN KEY (from_station_id) REFERENCES public.station(id) DEFERRABLE INITIALLY DEFERRED;


--
-- Name: ticket_price ticket_price_route_id_4e9f8277_fk_route_id; Type: FK CONSTRAINT; Schema: public; Owner: exampleDBUserName
--

ALTER TABLE ONLY public.ticket_price
    ADD CONSTRAINT ticket_price_route_id_4e9f8277_fk_route_id FOREIGN KEY (route_id) REFERENCES public.route(id) DEFERRABLE INITIALLY DEFERRED;


--
-- Name: ticket_price ticket_price_to_station_id_f49f63a2_fk_station_id; Type: FK CONSTRAINT; Schema: public; Owner: exampleDBUserName
--

ALTER TABLE ONLY public.ticket_price
    ADD CONSTRAINT ticket_price_to_station_id_f49f63a2_fk_station_id FOREIGN KEY (to_station_id) REFERENCES public.station(id) DEFERRABLE INITIALLY DEFERRED;


--
-- Name: ticket ticket_route_id_b8b0ed5d_fk_route_id; Type: FK CONSTRAINT; Schema: public; Owner: exampleDBUserName
--

ALTER TABLE ONLY public.ticket
    ADD CONSTRAINT ticket_route_id_b8b0ed5d_fk_route_id FOREIGN KEY (route_id) REFERENCES public.route(id) DEFERRABLE INITIALLY DEFERRED;


--
-- Name: ticket ticket_start_station_id_754d3f14_fk_station_id; Type: FK CONSTRAINT; Schema: public; Owner: exampleDBUserName
--

ALTER TABLE ONLY public.ticket
    ADD CONSTRAINT ticket_start_station_id_754d3f14_fk_station_id FOREIGN KEY (start_station_id) REFERENCES public.station(id) DEFERRABLE INITIALLY DEFERRED;


--
-- Name: ticket ticket_type_id_005312a3_fk_ticket_type_id; Type: FK CONSTRAINT; Schema: public; Owner: exampleDBUserName
--

ALTER TABLE ONLY public.ticket
    ADD CONSTRAINT ticket_type_id_005312a3_fk_ticket_type_id FOREIGN KEY (type_id) REFERENCES public.ticket_type(id) DEFERRABLE INITIALLY DEFERRED;


--
-- Name: ticket_type_translations ticket_type_translat_ticket_type_id_daf215da_fk_ticket_ty; Type: FK CONSTRAINT; Schema: public; Owner: exampleDBUserName
--

ALTER TABLE ONLY public.ticket_type_translations
    ADD CONSTRAINT ticket_type_translat_ticket_type_id_daf215da_fk_ticket_ty FOREIGN KEY (ticket_type_id) REFERENCES public.ticket_type(id) DEFERRABLE INITIALLY DEFERRED;


--
-- Name: ticket_type_translations ticket_type_translations_language_id_495ea839_fk_language_id; Type: FK CONSTRAINT; Schema: public; Owner: exampleDBUserName
--

ALTER TABLE ONLY public.ticket_type_translations
    ADD CONSTRAINT ticket_type_translations_language_id_495ea839_fk_language_id FOREIGN KEY (language_id) REFERENCES public.language(id) DEFERRABLE INITIALLY DEFERRED;


--
-- Name: towns_translations towns_translations_language_id_df5d7934_fk_language_id; Type: FK CONSTRAINT; Schema: public; Owner: exampleDBUserName
--

ALTER TABLE ONLY public.towns_translations
    ADD CONSTRAINT towns_translations_language_id_df5d7934_fk_language_id FOREIGN KEY (language_id) REFERENCES public.language(id) DEFERRABLE INITIALLY DEFERRED;


--
-- Name: towns_translations towns_translations_town_id_d1a5eafc_fk_town_id; Type: FK CONSTRAINT; Schema: public; Owner: exampleDBUserName
--

ALTER TABLE ONLY public.towns_translations
    ADD CONSTRAINT towns_translations_town_id_d1a5eafc_fk_town_id FOREIGN KEY (town_id) REFERENCES public.town(id) DEFERRABLE INITIALLY DEFERRED;


--
-- Name: user_end_station_history user_end_station_his_user_id_442e7aff_fk_telegram_; Type: FK CONSTRAINT; Schema: public; Owner: exampleDBUserName
--

ALTER TABLE ONLY public.user_end_station_history
    ADD CONSTRAINT user_end_station_his_user_id_442e7aff_fk_telegram_ FOREIGN KEY (user_id) REFERENCES public.telegram_user(telegram_id) DEFERRABLE INITIALLY DEFERRED;


--
-- Name: user_end_station_history user_end_station_history_station_id_97814797_fk_station_id; Type: FK CONSTRAINT; Schema: public; Owner: exampleDBUserName
--

ALTER TABLE ONLY public.user_end_station_history
    ADD CONSTRAINT user_end_station_history_station_id_97814797_fk_station_id FOREIGN KEY (station_id) REFERENCES public.station(id) DEFERRABLE INITIALLY DEFERRED;


--
-- Name: user_start_station_history user_start_station_h_user_id_c750c331_fk_telegram_; Type: FK CONSTRAINT; Schema: public; Owner: exampleDBUserName
--

ALTER TABLE ONLY public.user_start_station_history
    ADD CONSTRAINT user_start_station_h_user_id_c750c331_fk_telegram_ FOREIGN KEY (user_id) REFERENCES public.telegram_user(telegram_id) DEFERRABLE INITIALLY DEFERRED;


--
-- Name: user_start_station_history user_start_station_history_station_id_bc61dfb0_fk_station_id; Type: FK CONSTRAINT; Schema: public; Owner: exampleDBUserName
--

ALTER TABLE ONLY public.user_start_station_history
    ADD CONSTRAINT user_start_station_history_station_id_bc61dfb0_fk_station_id FOREIGN KEY (station_id) REFERENCES public.station(id) DEFERRABLE INITIALLY DEFERRED;


--
-- PostgreSQL database dump complete
--

